StudentID,Gender,StudyHours,Absences,MathScore,EnglishScore,Height_cm
1001,M,7.0,2,83,86,164.4
1002,F,7.4,1,55,71,157.2
1003,M,17.4,2,92,89,182.3
1004,M,15.4,3,90,88,177.4
1005,F,8.8,1,86,100,164.3
1006,M,8.9,6,77,67,174.7
1007,M,6.6,6,75,80,177.8
1008,M,4.3,3,49,68,179.0
1009,F,9.6,0,82,81,167.9
1010,F,7.0,5,66,65,165.4
1011,F,9.7,4,69,78,161.2
1012,M,5.2,4,57,74,178.4
1013,M,7.7,4,79,69,168.5
1014,M,10.4,5,70,73,167.4
1015,F,11.1,1,85,82,167.1
1016,F,11.3,1,79,77,158.8
1017,M,6.0,3,71,65,162.5
1018,F,12.6,1,100,100,153.8
1019,M,7.6,4,73,58,182.4
1020,M,11.9,3,77,89,177.7
1021,M,10.0,5,86,70,169.6
1022,F,5.9,1,72,77,168.7
1023,M,9.1,4,73,93,175.9
1024,M,11.1,6,59,63,173.0
1025,M,11.8,1,77,78,176.9
1026,F,9.6,2,81,79,166.6
1027,F,14.6,2,85,75,163.9
1028,F,13.0,4,64,85,157.5
1029,F,9.2,7,69,63,160.1
1030,M,12.3,4,73,84,171.6
1031,M,15.8,3,96,74,173.4
1032,M,15.9,2,92,78,179.6
1033,F,6.3,3,52,62,165.3
1034,F,7.2,4,62,52,154.9
1035,F,14.5,1,81,99,168.0
1036,F,6.8,2,81,59,164.0
1037,F,6.0,5,58,53,179.3
1038,F,8.5,0,75,79,161.7
1039,F,11.3,3,83,73,165.9
1040,M,9.7,7,60,58,171.9
1041,F,8.0,1,67,93,165.2
1042,M,8.0,2,74,64,178.4
1043,M,7.9,0,76,81,165.9
1044,F,7.4,2,67,74,173.2
1045,M,16.8,5,92,90,184.1
1046,M,10.9,2,85,84,175.9
1047,F,12.7,5,70,73,161.2
1048,F,8.5,1,78,79,162.9
1049,M,9.4,2,67,73,181.1
1050,F,7.9,6,86,78,172.1
1051,F,2.0,7,61,48,162.3
1052,F,5.9,4,71,90,156.7
1053,M,4.6,2,78,67,180.3
1054,M,3.3,5,49,62,173.0
1055,M,6.4,2,64,61,166.3
1056,M,14.0,7,83,71,180.9
1057,F,9.9,8,72,63,166.8
1058,M,13.9,2,95,85,164.5
1059,F,11.2,3,82,76,168.2
1060,F,12.3,3,81,72,163.4
1061,M,7.3,4,66,74,174.1
1062,F,11.6,5,69,66,163.3
1063,M,12.2,3,81,76,167.4
1064,M,8.3,3,71,67,185.5
1065,M,11.7,4,88,91,179.5
1066,M,11.7,5,73,74,183.1
1067,M,8.4,4,63,72,175.6
1068,F,6.6,5,64,61,170.4
1069,F,6.4,3,62,53,159.1
1070,F,10.3,2,100,77,172.7
1071,F,11.0,2,80,89,169.7
1072,F,7.6,4,68,76,161.4
1073,M,10.1,3,82,73,176.1
1074,F,11.7,2,77,80,155.3
1075,F,11.9,3,93,75,165.6
1076,F,14.7,2,96,84,159.6
1077,F,13.8,2,84,91,171.2
1078,M,7.0,3,78,76,179.4
1079,M,15.1,2,88,100,171.6
1080,M,8.4,1,97,95,172.3
1081,M,13.1,3,87,97,179.4
1082,F,10.2,8,62,69,164.1
1083,M,8.8,1,95,84,177.5
1084,F,4.6,5,53,67,164.7
1085,F,9.5,2,87,81,164.7
1086,F,5.3,4,68,80,165.2
1087,M,12.9,1,80,93,175.6
1088,F,14.6,2,87,86,166.4
1089,F,7.6,5,72,73,165.0
1090,F,10.9,2,81,93,169.4
1091,F,7.8,8,73,61,167.6
1092,M,8.1,1,81,93,174.1
1093,F,12.3,1,100,86,170.2
1094,F,9.9,2,58,58,162.2
1095,F,15.2,1,89,83,165.5
1096,M,8.6,2,83,64,181.2
1097,F,13.0,0,94,93,166.8
1098,F,10.3,3,86,73,161.7
1099,F,12.4,3,100,82,173.9
1100,M,8.7,6,75,80,178.6
1101,M,9.9,2,93,77,172.4
1102,M,9.7,5,59,63,161.2
1103,F,7.5,0,71,68,154.8
1104,M,12.0,3,77,76,176.9
1105,M,12.0,2,84,99,180.3
1106,M,11.8,1,89,91,173.5
1107,F,14.6,4,95,87,162.8
1108,F,14.3,6,85,81,154.1
1109,F,8.9,2,73,75,170.9
1110,M,11.1,2,84,85,178.7
1111,F,8.1,2,85,75,171.7
1112,F,10.1,2,85,82,170.5
1113,F,8.2,1,65,66,165.4
1114,M,14.9,2,92,77,171.0
1115,F,11.1,1,82,88,164.4
1116,M,9.3,1,83,69,170.1
1117,M,13.6,3,78,86,182.1
1118,M,3.5,0,72,62,170.0
1119,F,4.0,2,66,56,170.6
1120,M,12.4,5,78,78,183.9
1121,M,10.2,4,83,64,173.8
1122,M,10.8,4,76,88,180.5
1123,F,6.0,3,61,62,161.0
1124,F,9.9,3,75,92,164.4
1125,F,16.0,2,87,98,170.6
1126,F,12.5,1,84,77,159.2
1127,F,10.5,2,95,68,170.5
1128,F,8.7,2,64,65,164.6
1129,F,8.8,5,79,65,178.0
1130,M,3.6,4,69,82,180.5
1131,F,10.8,1,70,80,163.4
1132,M,12.5,1,89,91,170.5
1133,M,5.3,3,58,68,160.1
1134,F,8.0,2,81,75,153.2
1135,M,6.5,5,65,70,177.6
1136,F,7.1,3,74,83,162.5
1137,M,10.2,0,67,80,175.2
1138,F,3.7,4,68,59,163.6
1139,M,11.8,3,95,98,180.6
1140,F,12.3,2,78,81,161.9
1141,F,9.2,2,65,67,165.5
1142,F,2.6,8,56,33,164.6
1143,M,7.0,2,77,79,177.4
1144,M,13.7,1,63,83,177.0
1145,F,1.7,3,73,61,159.3
1146,F,9.0,4,70,65,164.1
1147,F,6.5,3,78,68,164.3
1148,M,12.4,4,81,78,181.5
1149,F,8.0,3,50,70,165.6
1150,F,11.2,5,84,83,165.6
1151,M,11.7,3,76,78,168.7
1152,M,15.5,3,96,97,171.2
1153,F,9.4,2,74,75,163.2
1154,M,11.1,4,76,71,173.2
1155,F,5.5,1,61,70,161.5
1156,M,13.6,4,88,70,166.7
1157,F,7.7,2,64,76,168.1
1158,M,8.3,8,84,56,153.7
1159,M,9.9,3,94,68,173.1
1160,M,5.3,3,78,50,189.1
1161,F,10.7,2,89,77,158.1
1162,M,12.9,3,95,100,167.6
1163,F,10.9,2,86,76,161.2
1164,F,5.2,2,65,72,169.2
1165,M,9.6,8,72,100,165.5
1166,F,12.2,1,99,89,173.4
1167,M,4.4,4,65,53,172.5
1168,M,6.8,8,66,63,172.8
1169,F,12.6,1,72,81,175.3
1170,M,10.8,1,82,80,178.3
1171,F,11.2,6,59,70,164.4
1172,F,15.6,3,95,94,163.9
1173,F,11.4,4,74,93,173.3
1174,M,12.0,2,88,71,165.3
1175,F,18.1,1,96,92,160.1
1176,F,9.4,3,67,74,167.5
1177,F,7.6,2,73,77,159.1
1178,M,11.3,4,79,90,161.8
1179,M,11.3,0,98,100,173.6
1180,M,8.4,3,64,71,165.9
1181,M,6.9,3,73,75,184.8
1182,M,16.9,3,78,98,170.2
1183,F,11.0,4,61,73,165.0
1184,F,7.8,2,90,74,161.2
1185,M,12.7,2,100,81,167.8
1186,M,9.7,2,73,52,174.5
1187,F,9.2,5,65,74,160.4
1188,F,11.7,1,83,82,155.7
1189,M,6.1,1,77,81,176.3
1190,F,11.1,5,74,78,161.9
1191,M,15.7,2,93,79,177.6
1192,F,11.4,4,82,79,166.0
1193,F,8.9,1,77,63,167.9
1194,M,8.5,3,70,65,180.0
1195,F,8.8,1,73,77,164.1
1196,F,9.2,5,73,78,165.0
1197,M,8.9,7,71,77,178.2
1198,M,12.7,0,84,70,178.5
1199,F,4.8,1,68,67,166.5
1200,F,12.6,1,95,79,170.6
1201,M,8.9,3,81,89,175.1
1202,M,11.1,2,96,91,180.1
1203,F,6.6,2,59,79,163.1
1204,F,14.0,4,80,95,168.5
1205,F,13.7,3,89,84,153.3
1206,F,12.9,1,100,96,153.3
1207,F,5.5,2,52,61,169.5
1208,M,12.5,2,85,76,177.3
1209,F,11.2,5,86,81,156.4
1210,F,5.2,2,63,58,164.6
1211,M,9.9,5,73,80,180.6
1212,M,11.1,1,88,85,157.5
1213,F,11.7,2,81,88,165.8
1214,M,10.5,1,98,83,186.0
1215,M,10.9,2,80,77,171.9
1216,M,14.4,2,96,89,174.6
1217,F,13.7,3,80,77,163.1
1218,F,1.4,7,41,46,157.2
1219,M,9.0,1,82,86,174.5
1220,F,9.5,1,65,75,161.5
1221,F,4.7,1,69,64,161.5
1222,F,10.3,3,81,82,165.7
1223,M,13.7,1,80,97,171.5
1224,M,6.7,4,71,65,168.0
1225,F,11.0,4,64,70,158.4
1226,M,7.3,5,78,59,181.3
1227,F,8.0,1,76,79,162.1
1228,M,14.4,1,100,96,170.4
1229,M,8.4,5,70,80,170.6
1230,F,11.4,2,87,82,155.7
1231,F,4.4,1,67,75,165.1
1232,F,15.6,6,87,86,159.5
1233,M,11.8,3,89,95,172.3
1234,M,9.5,0,71,91,171.7
1235,M,11.7,2,87,91,169.1
1236,M,5.8,4,66,67,175.0
1237,F,13.5,2,91,73,164.2
1238,M,9.0,5,72,73,170.4
1239,F,9.4,0,75,87,162.7
1240,F,8.5,1,68,88,148.1
1241,M,8.3,3,74,80,187.8
1242,M,12.1,4,70,89,167.1
1243,F,10.8,3,79,77,166.2
1244,M,12.0,3,78,81,167.1
1245,M,10.0,1,88,68,180.9
1246,M,11.5,3,80,79,171.4
1247,M,8.7,0,85,77,175.6
1248,F,16.7,7,82,86,163.9
1249,F,5.3,4,70,70,168.5
1250,F,13.8,3,94,87,170.4
1251,M,14.1,3,82,81,177.4
1252,M,7.4,2,78,81,170.2
1253,F,16.7,6,81,59,161.9
1254,F,13.0,2,89,88,180.9
1255,F,12.9,2,94,90,156.7
1256,M,10.1,2,93,97,170.2
1257,M,9.3,1,78,83,170.9
1258,F,9.4,5,80,91,168.5
1259,F,11.2,1,72,79,166.9
1260,M,14.2,7,75,77,171.2
1261,F,10.5,3,83,84,151.5
1262,M,7.3,2,85,78,172.5
1263,F,12.5,0,100,86,162.8
1264,F,12.8,5,71,76,171.5
1265,M,12.0,3,99,79,176.7
1266,F,12.2,0,85,88,165.5
1267,F,9.2,4,71,79,160.6
1268,F,7.2,3,77,65,167.4
1269,F,7.4,4,84,68,165.9
1270,F,5.1,4,55,61,166.2
1271,F,10.7,6,74,76,157.6
1272,F,9.7,7,79,64,163.7
1273,F,8.7,3,79,59,162.9
1274,M,1.1,4,64,68,176.0
1275,M,6.3,5,60,60,175.3
1276,F,13.4,6,93,82,164.9
1277,F,8.0,7,70,77,156.3
1278,F,11.1,4,72,89,164.6
1279,M,5.8,3,55,71,173.5
1280,M,14.3,3,90,91,172.3
1281,F,9.6,0,79,99,146.2
1282,F,10.9,3,80,59,164.4
1283,F,17.0,2,100,95,169.6
1284,F,14.5,4,77,88,162.9
1285,M,9.1,4,72,77,166.6
1286,F,8.2,5,68,77,162.4
1287,F,9.0,6,66,71,167.3
1288,F,11.5,6,83,82,157.1
1289,M,9.7,2,73,80,169.6
1290,F,8.8,2,72,70,163.7
1291,M,14.4,4,94,82,187.3
1292,F,9.7,7,77,75,170.7
1293,M,16.9,4,82,81,178.7
1294,F,10.3,1,75,90,160.7
1295,M,15.4,6,94,96,178.3
1296,M,11.1,3,86,90,161.8
1297,M,12.9,1,93,78,170.6
1298,M,7.8,1,75,65,165.5
1299,M,7.4,5,63,64,172.6
1300,M,11.4,2,96,100,179.5
1301,M,13.0,5,77,86,161.9
1302,F,10.1,4,60,69,177.7
1303,M,6.1,3,81,82,170.7
1304,F,5.9,1,87,77,165.1
1305,M,5.7,4,52,54,176.8
1306,F,4.7,0,76,86,173.7
1307,F,10.3,2,73,74,161.8
1308,M,13.4,3,83,81,184.1
1309,F,10.0,3,85,82,161.5
1310,F,3.2,2,73,75,156.5
1311,F,9.4,3,69,64,161.2
1312,F,9.5,4,87,63,162.6
1313,F,16.3,2,90,91,168.4
1314,F,5.6,3,72,59,161.7
1315,F,8.8,4,65,69,156.4
1316,F,15.1,2,81,100,154.4
1317,F,11.3,3,91,91,165.3
1318,M,11.7,1,96,88,173.3
1319,F,10.3,4,79,81,160.7
1320,M,11.0,2,88,100,188.4
1321,M,12.3,3,75,73,174.1
1322,F,7.6,0,76,81,172.3
1323,F,12.6,4,88,76,159.3
1324,M,5.9,1,86,79,172.3
1325,M,11.0,5,88,76,174.1
1326,M,10.5,9,76,84,169.0
1327,M,8.2,6,69,66,172.7
1328,M,9.9,5,73,83,179.8
1329,M,8.1,5,61,73,168.8
1330,F,6.8,3,58,70,165.0
1331,M,8.9,3,66,79,178.6
1332,F,6.7,1,71,74,167.3
1333,M,11.0,4,77,82,181.1
1334,M,6.5,3,49,62,174.5
1335,F,12.1,2,80,74,172.3
1336,M,6.5,1,69,69,160.9
1337,F,8.3,7,53,52,171.7
1338,M,8.1,4,77,85,176.4
1339,F,14.0,4,82,74,166.7
1340,M,11.0,4,74,77,177.7
1341,F,9.4,3,81,79,165.7
1342,M,11.5,0,70,90,166.1
1343,M,3.7,3,41,46,173.2
1344,M,9.9,3,76,75,181.9
1345,M,16.0,2,88,90,168.2
1346,M,10.4,0,85,81,180.3
1347,M,10.2,4,59,77,178.8
1348,F,11.6,2,69,70,165.3
1349,M,12.7,1,94,74,171.9
1350,F,4.0,2,66,77,167.2
1351,M,5.0,5,82,66,185.5
1352,F,10.6,3,83,70,164.5
1353,M,7.9,5,72,72,176.2
1354,M,13.9,3,100,93,171.3
1355,F,9.1,5,65,58,164.3
1356,M,4.2,5,71,87,175.1
1357,M,6.2,2,76,65,176.6
1358,M,1.8,3,77,72,178.8
1359,F,9.3,2,78,66,165.3
1360,M,9.4,1,91,87,164.5
1361,M,8.7,4,73,72,174.5
1362,F,13.2,3,86,77,159.3
1363,F,13.6,1,99,100,164.6
1364,F,9.5,2,89,69,167.5
1365,M,3.6,0,75,63,177.2
1366,F,11.9,1,82,87,151.9
1367,M,11.7,6,77,86,161.4
1368,M,10.9,4,74,89,188.8
1369,F,12.9,5,77,70,158.0
1370,M,6.5,2,79,74,176.3
1371,M,16.0,3,100,76,164.8
1372,F,7.1,6,51,68,170.3
1373,F,12.2,4,83,72,163.7
1374,F,4.9,4,80,58,150.4
1375,F,7.2,4,73,73,165.1
1376,F,14.5,4,100,90,161.6
1377,M,9.2,2,86,80,179.5
1378,F,12.5,2,86,95,159.6
1379,F,10.7,2,67,77,163.2
1380,M,9.7,1,88,84,181.4
1381,M,14.1,2,100,77,169.8
1382,M,9.3,2,64,87,184.4
1383,M,4.7,6,59,57,174.3
1384,F,7.6,4,76,84,159.6
1385,F,11.7,1,76,94,157.2
1386,M,11.2,3,79,86,174.5
1387,M,5.3,2,74,75,156.9
1388,M,7.8,2,81,48,172.8
1389,F,8.3,2,69,72,160.5
1390,M,8.9,1,86,91,184.6
1391,M,5.9,2,60,78,184.3
1392,F,8.1,1,69,67,160.3
1393,M,7.8,3,71,69,172.4
1394,M,12.3,5,82,60,167.4
1395,F,12.4,1,85,93,159.3
1396,F,9.6,1,77,66,163.5
1397,M,8.8,1,73,89,169.5
1398,F,10.4,2,86,91,154.0
1399,F,7.6,3,49,63,164.0
1400,F,6.6,2,59,73,158.3
1401,F,7.2,2,57,70,157.7
1402,M,8.1,2,74,74,180.7
1403,M,6.5,3,50,57,181.8
1404,F,10.5,2,71,77,156.7
1405,M,12.2,3,88,63,160.5
1406,M,5.2,6,74,48,174.2
1407,F,10.1,2,64,77,152.4
1408,M,9.3,3,74,71,173.1
1409,F,11.0,3,72,82,167.6
1410,M,10.0,3,65,70,167.7
1411,M,5.6,4,71,87,167.5
1412,M,6.2,5,75,68,185.9
1413,F,10.1,4,84,81,165.8
1414,M,13.1,3,79,85,174.0
1415,F,3.4,3,61,67,166.9
1416,F,11.0,2,63,85,156.3
1417,F,13.6,0,78,86,171.8
1418,M,9.5,3,69,82,185.4
1419,F,11.7,2,79,64,159.1
1420,M,7.9,5,70,58,177.0
1421,M,9.6,1,72,73,177.5
1422,F,5.1,3,65,66,162.7
1423,F,3.0,2,66,72,167.3
1424,F,12.8,5,89,84,161.4
1425,M,7.0,2,70,74,172.5
1426,M,8.6,7,66,59,178.4
1427,F,5.8,4,71,69,164.0
1428,M,5.8,6,77,61,169.9
1429,F,9.5,6,59,69,174.8
1430,M,7.8,2,69,56,178.4
1431,M,11.1,6,98,89,175.4
1432,M,11.4,2,72,68,168.3
1433,M,11.0,0,89,72,171.0
1434,M,10.7,3,65,83,171.0
1435,F,14.7,4,69,76,159.0
1436,F,6.8,2,65,60,158.4
1437,F,9.8,2,100,76,153.0
1438,F,13.4,4,74,67,160.2
1439,M,13.8,6,74,65,168.4
1440,M,5.7,7,63,68,170.2
1441,M,9.1,4,66,72,184.1
1442,F,14.1,1,80,86,161.1
1443,M,11.5,1,82,87,174.2
1444,F,10.6,4,45,74,163.7
1445,F,9.3,2,76,74,160.8
1446,M,8.8,1,72,64,181.6
1447,M,10.9,3,88,76,181.2
1448,M,9.2,2,87,66,174.2
1449,F,9.9,3,78,72,164.8
1450,M,10.2,2,87,80,186.5
1451,F,8.0,2,67,74,163.3
1452,M,11.6,3,80,99,171.0
1453,M,18.7,2,96,86,183.3
1454,F,4.7,4,53,63,161.6
1455,F,11.0,1,80,69,158.4
1456,F,7.7,2,90,75,159.5
1457,M,11.7,3,79,75,168.0
1458,F,10.1,6,91,86,170.0
1459,M,12.3,1,87,86,179.1
1460,M,13.5,3,97,85,191.0
1461,M,10.6,3,68,71,169.2
1462,F,13.4,0,80,67,161.0
1463,M,3.0,5,66,60,174.1
1464,F,14.8,8,86,77,164.9
1465,M,11.1,3,78,77,173.2
1466,M,13.2,4,83,91,174.0
1467,M,6.3,2,73,66,167.1
1468,M,7.5,3,83,69,176.0
1469,F,10.4,3,76,66,164.0
1470,F,9.9,1,60,79,158.9
1471,F,10.8,4,81,71,162.6
1472,F,13.3,5,84,91,171.4
1473,F,4.7,2,67,80,161.4
1474,F,12.9,6,90,82,169.7
1475,F,10.0,7,73,68,160.2
1476,F,9.4,1,77,78,159.4
1477,F,5.6,1,58,65,168.0
1478,M,11.5,5,84,70,170.3
1479,M,2.8,2,67,63,175.1
1480,F,11.9,0,69,83,166.1
1481,F,5.5,0,61,75,158.8
1482,F,10.2,3,80,76,163.6
1483,M,9.6,6,70,65,174.8
1484,F,13.5,2,71,86,166.1
1485,F,9.5,1,81,70,175.3
1486,F,7.9,6,73,71,161.8
1487,F,8.5,4,71,76,167.2
1488,F,13.8,2,89,70,164.1
1489,M,11.6,2,89,86,193.7
1490,M,8.8,3,75,76,176.0
1491,M,9.3,3,81,81,168.4
1492,M,5.3,2,50,72,176.7
1493,M,11.2,4,74,61,170.6
1494,F,4.7,4,72,79,158.6
1495,M,12.3,3,80,85,187.7
1496,M,10.4,5,79,69,180.9
1497,F,17.2,4,98,84,162.6
1498,M,6.7,3,72,74,171.5
1499,F,9.7,2,87,81,153.0
1500,F,15.4,2,97,82,171.6
1501,M,13.6,0,95,99,176.0
1502,M,7.9,2,76,63,154.0
1503,M,10.7,3,51,66,189.7
1504,F,10.0,1,79,64,158.5
1505,M,10.8,1,60,65,176.2
1506,M,7.9,4,70,82,181.1
1507,F,9.7,3,83,97,162.7
1508,M,5.2,1,75,72,178.9
1509,F,10.4,3,90,73,164.3
1510,F,11.4,3,65,66,174.4
1511,F,9.3,0,97,82,151.3
1512,M,5.2,6,65,53,183.3
1513,F,13.0,1,79,83,159.6
1514,F,11.1,3,80,95,149.9
1515,F,7.8,2,70,65,161.8
1516,F,9.2,3,79,69,175.1
1517,F,5.5,3,53,63,160.1
1518,M,6.9,3,67,73,171.6
1519,F,8.4,5,63,61,171.2
1520,M,13.7,3,72,77,163.8
1521,M,8.1,5,71,71,170.5
1522,F,11.9,2,96,100,153.7
1523,F,8.4,3,82,72,159.7
1524,M,10.7,3,77,79,181.5
1525,F,9.6,2,85,88,164.4
1526,F,12.6,5,60,68,166.2
1527,M,8.4,1,70,70,179.9
1528,M,5.3,3,46,61,173.0
1529,M,5.9,1,69,78,170.0
1530,F,8.4,6,78,73,173.6
1531,M,6.3,4,64,69,177.8
1532,M,11.2,1,76,68,179.3
1533,F,8.6,3,63,67,156.7
1534,M,17.1,0,98,100,173.2
1535,F,4.8,0,63,58,161.6
1536,F,10.6,3,70,73,164.8
1537,M,6.6,4,62,70,179.7
1538,F,8.5,1,67,66,166.3
1539,F,10.4,5,86,78,171.3
1540,M,3.0,3,63,68,168.4
1541,M,10.7,4,76,84,169.6
1542,M,15.7,4,97,78,175.7
1543,M,8.6,3,73,65,177.4
1544,M,10.8,1,93,83,164.8
1545,F,13.1,2,99,82,158.2
1546,F,9.5,8,61,78,171.2
1547,F,8.3,3,48,78,161.8
1548,F,3.2,3,82,82,172.6
1549,M,11.9,6,82,71,172.0
1550,F,9.7,2,78,84,167.9
1551,F,7.0,5,72,74,167.3
1552,F,10.4,1,94,92,159.1
1553,F,8.2,3,82,69,166.2
1554,M,8.4,4,69,85,172.4
1555,F,11.8,3,87,83,165.5
1556,F,6.0,2,69,79,169.4
1557,F,13.1,2,89,71,168.2
1558,F,5.8,2,66,73,165.8
1559,M,8.0,1,71,68,171.3
1560,F,15.8,0,100,100,167.3
1561,F,13.4,1,88,90,168.6
1562,F,10.3,4,72,80,155.9
1563,M,7.2,3,93,84,165.0
1564,M,8.4,2,89,83,172.2
1565,M,10.2,3,67,71,187.9
1566,M,10.1,3,81,65,176.7
1567,M,9.7,5,72,75,171.6
1568,F,9.9,1,78,71,155.6
1569,F,9.4,0,66,68,168.8
1570,M,5.7,2,56,60,185.0
1571,F,8.5,1,64,73,152.4
1572,M,12.7,3,74,88,169.1
1573,F,5.9,5,78,51,165.0
1574,M,9.4,5,75,69,174.7
1575,M,7.5,4,74,84,164.9
1576,F,10.3,4,61,75,155.7
1577,M,8.8,1,65,77,168.1
1578,M,14.4,1,94,99,181.0
1579,M,11.5,2,99,88,170.7
1580,F,6.1,4,65,79,165.8
1581,F,12.0,3,92,62,161.2
1582,M,7.7,3,69,87,174.9
1583,F,8.3,1,76,81,164.9
1584,F,10.9,4,95,100,166.3
1585,M,8.5,5,66,64,188.4
1586,M,12.7,0,84,74,180.1
1587,F,7.7,2,87,76,165.1
1588,F,8.1,3,70,69,165.4
1589,F,8.0,0,82,79,149.4
1590,F,8.3,3,66,81,167.9
1591,M,13.3,2,95,82,164.0
1592,F,11.9,5,73,70,167.4
1593,F,15.1,5,86,86,156.3
1594,M,16.8,3,95,89,175.7
1595,F,6.9,3,73,74,157.5
1596,F,10.2,1,84,91,168.5
1597,M,6.5,1,56,73,181.1
1598,M,7.7,1,86,87,170.3
1599,M,8.1,7,62,65,176.1
1600,M,6.8,3,61,56,179.3
1601,F,6.8,0,62,74,158.4
1602,M,9.6,3,61,69,169.1
1603,M,6.3,4,72,67,174.4
1604,M,12.5,1,77,79,178.1
1605,M,7.2,5,77,74,183.2
1606,M,18.4,5,94,82,172.6
1607,M,8.6,0,84,73,171.9
1608,F,10.2,3,86,91,160.1
1609,M,6.1,4,72,63,176.1
1610,F,15.1,2,59,81,160.8
1611,M,13.4,6,83,92,172.2
1612,M,10.9,2,82,86,173.4
1613,M,6.0,1,88,81,177.6
1614,M,10.6,3,87,77,170.3
1615,F,6.6,2,55,73,174.8
1616,M,14.4,3,94,100,176.8
1617,M,12.4,3,65,81,154.3
1618,F,10.3,3,96,68,168.3
1619,F,2.7,3,70,59,159.4
1620,F,7.0,3,71,75,162.4
1621,M,12.1,3,83,76,171.1
1622,F,13.6,4,88,90,158.6
1623,M,13.3,3,94,83,173.7
1624,F,5.2,3,71,64,161.4
1625,M,10.9,4,79,85,171.4
1626,F,13.0,3,86,85,164.5
1627,M,5.0,3,74,70,171.3
1628,F,10.0,5,73,76,168.1
1629,M,10.8,4,80,69,167.4
1630,M,9.1,2,74,74,166.5
1631,M,4.4,4,70,70,174.4
1632,M,9.0,5,89,76,176.0
1633,F,9.0,3,68,86,163.9
1634,F,9.6,3,68,59,165.2
1635,F,8.3,5,82,65,159.8
1636,F,8.7,3,78,81,162.9
1637,M,9.9,1,76,86,175.9
1638,M,11.3,8,85,70,178.1
1639,M,9.1,3,84,83,188.2
1640,M,8.8,2,78,80,172.0
1641,M,10.3,2,86,66,167.2
1642,M,4.2,2,59,59,164.0
1643,F,11.4,1,89,89,161.9
1644,F,10.0,2,73,89,172.7
1645,M,10.1,2,76,68,168.0
1646,M,12.9,4,77,85,169.3
1647,F,4.1,4,72,66,151.2
1648,F,4.1,2,68,69,166.6
1649,M,10.8,2,78,79,165.6
1650,F,10.0,2,80,75,160.0
1651,F,10.5,4,79,83,165.1
1652,M,8.6,2,67,71,176.0
1653,M,12.0,4,83,78,177.0
1654,F,12.8,0,85,67,166.0
1655,M,11.5,5,62,71,177.0
1656,F,9.2,3,79,79,162.6
1657,M,3.7,3,55,72,168.5
1658,F,12.3,7,66,74,162.9
1659,M,13.7,2,76,88,159.2
1660,F,11.9,0,95,99,156.6
1661,F,7.4,1,70,73,167.5
1662,M,12.0,4,67,67,172.0
1663,F,12.6,3,93,81,165.5
1664,F,14.7,2,89,84,160.6
1665,F,7.4,3,57,63,160.6
1666,M,9.3,4,80,76,174.9
1667,M,12.2,4,63,89,172.0
1668,M,10.2,1,77,96,165.1
1669,F,6.6,1,62,72,174.4
1670,F,11.2,3,82,93,168.1
1671,F,11.7,2,95,81,156.0
1672,M,10.3,2,94,71,160.0
1673,M,10.7,4,65,77,178.4
1674,M,9.2,2,65,68,166.0
1675,M,14.4,2,91,80,174.4
1676,F,7.3,5,70,66,156.4
1677,M,8.2,3,68,61,171.5
1678,F,10.0,7,67,64,159.1
1679,F,12.6,0,78,76,162.9
1680,F,5.5,3,63,68,175.9
1681,F,6.1,3,87,80,158.4
1682,F,3.9,4,48,62,158.1
1683,F,10.1,2,64,68,157.2
1684,F,6.6,3,75,59,167.8
1685,M,8.8,2,73,70,172.5
1686,F,12.0,4,72,84,158.6
1687,F,8.1,1,84,76,161.8
1688,M,10.7,3,87,76,175.7
1689,M,9.1,0,74,59,175.5
1690,M,12.0,4,67,80,181.5
1691,F,11.4,6,89,67,167.3
1692,M,7.9,2,79,84,179.4
1693,F,9.5,1,90,72,160.0
1694,F,13.1,0,93,76,155.9
1695,M,11.2,3,80,84,159.2
1696,M,5.8,3,75,97,179.1
1697,M,12.0,4,93,86,178.4
1698,M,6.7,4,86,76,179.8
1699,M,14.2,1,80,95,169.6
1700,F,13.1,1,89,69,168.6
1701,F,10.9,4,77,69,165.8
1702,F,10.5,1,67,55,162.9
1703,F,9.4,1,80,92,158.3
1704,M,12.0,5,65,88,179.2
1705,F,8.9,6,64,73,169.1
1706,M,10.7,1,72,79,182.7
1707,M,12.6,2,79,70,172.3
1708,M,8.3,0,80,78,171.5
1709,F,8.2,1,68,90,168.7
1710,F,6.4,1,76,66,165.9
1711,M,6.8,4,69,62,172.9
1712,M,4.5,2,73,48,166.7
1713,M,12.2,1,85,96,180.7
1714,M,15.4,2,89,90,177.5
1715,M,14.3,1,100,75,183.3
1716,F,5.1,2,60,59,163.6
1717,M,12.2,1,85,75,186.4
1718,F,14.3,6,85,78,160.0
1719,M,8.6,1,62,74,166.2
1720,M,10.3,2,89,78,170.0
1721,F,4.0,2,74,76,160.5
1722,F,10.8,3,94,83,165.0
1723,F,6.8,2,76,78,161.3
1724,M,10.6,5,92,77,168.8
1725,F,5.3,3,64,91,154.0
1726,F,11.6,3,77,78,163.9
1727,F,13.1,8,90,67,169.4
1728,F,7.7,4,57,62,164.3
1729,F,6.6,4,45,58,170.5
1730,F,3.5,2,68,51,167.5
1731,F,9.2,3,89,78,163.6
1732,F,8.3,6,68,53,160.2
1733,F,5.3,2,85,78,161.1
1734,F,11.4,2,60,66,155.2
1735,F,8.7,3,67,69,162.4
1736,M,6.8,2,52,73,180.2
1737,F,8.3,3,77,90,174.3
1738,F,13.2,0,82,83,167.2
1739,F,11.8,3,78,85,158.8
1740,F,9.6,2,79,69,155.4
1741,F,11.9,1,89,73,162.8
1742,F,6.5,5,59,58,168.9
1743,M,10.1,1,92,92,157.6
1744,F,10.4,5,85,76,167.3
1745,F,8.6,1,75,95,162.9
1746,F,11.3,3,64,77,168.3
1747,F,7.7,6,65,55,154.4
1748,F,11.5,5,83,75,173.6
1749,M,11.7,2,92,77,175.4
1750,M,1.2,4,49,57,185.5
1751,F,13.6,3,74,69,162.4
1752,F,0.9,1,74,58,163.3
1753,F,8.2,4,70,67,162.6
1754,F,13.1,2,89,96,165.5
1755,M,9.0,3,76,88,174.5
1756,F,5.6,2,58,77,170.4
1757,F,6.7,5,72,71,172.4
1758,M,13.1,3,72,82,163.6
1759,F,4.2,1,55,71,174.3
1760,F,13.4,3,77,70,164.6
1761,M,9.8,3,97,68,172.6
1762,F,6.4,2,74,71,166.6
1763,F,8.3,2,67,71,160.7
1764,F,6.9,2,81,70,165.1
1765,M,12.6,3,94,83,172.6
1766,F,12.2,2,77,87,163.8
1767,F,4.8,7,36,67,166.5
1768,F,8.8,3,77,84,169.2
1769,F,7.4,3,70,66,163.9
1770,M,13.9,5,97,80,174.6
1771,F,5.9,4,47,59,174.1
1772,M,14.8,4,99,79,176.1
1773,M,9.9,2,65,80,168.1
1774,M,6.5,1,73,97,171.8
1775,F,8.0,1,66,72,162.0
1776,M,7.6,1,78,74,172.6
1777,M,6.2,3,76,61,172.1
1778,F,10.3,2,88,88,159.9
1779,M,6.3,3,48,68,167.8
1780,M,3.5,4,68,69,181.0
1781,F,8.9,0,85,82,168.9
1782,M,4.6,5,47,71,178.3
1783,F,7.7,4,57,84,161.7
1784,M,7.3,4,79,74,170.7
1785,M,7.4,0,72,73,166.1
1786,F,16.0,1,74,91,160.0
1787,M,10.2,2,78,72,170.0
1788,F,10.7,3,77,69,169.1
1789,M,4.7,2,64,66,167.0
1790,M,8.0,3,63,61,174.6
1791,F,10.6,2,100,92,156.8
1792,F,6.9,2,80,65,162.2
1793,F,12.7,3,83,81,155.4
1794,F,6.4,4,58,61,164.5
1795,F,9.1,4,78,75,165.5
1796,F,8.2,4,62,69,162.4
1797,F,10.5,5,84,80,165.5
1798,F,8.1,5,56,68,166.5
1799,M,9.2,2,75,72,165.5
1800,M,9.3,4,70,73,181.0
1801,M,7.8,2,65,82,171.7
1802,F,11.5,2,90,60,166.5
1803,M,10.7,2,94,88,169.9
1804,M,9.7,2,74,70,179.9
1805,F,8.7,3,58,78,167.3
1806,F,12.4,6,75,67,169.3
1807,M,9.3,5,77,70,168.4
1808,F,9.1,4,74,72,170.9
1809,F,10.3,5,57,83,171.2
1810,M,15.1,1,92,91,176.9
1811,F,6.0,4,64,54,166.8
1812,F,12.3,3,100,86,178.2
1813,M,4.3,4,57,71,181.6
1814,M,10.7,3,64,71,168.8
1815,F,14.7,4,76,83,168.6
1816,M,11.5,3,70,78,171.2
1817,M,10.5,2,84,74,174.9
1818,M,8.3,1,47,92,165.0
1819,M,10.1,2,75,75,170.0
1820,F,9.2,1,88,80,157.5
1821,F,7.6,5,75,69,163.0
1822,M,9.1,2,78,76,174.6
1823,F,10.6,3,62,83,162.9
1824,M,7.7,3,55,64,170.8
1825,M,7.6,4,89,77,168.0
1826,F,5.9,0,69,63,181.5
1827,M,11.2,2,85,74,167.3
1828,F,11.6,6,72,88,155.4
1829,M,10.7,4,77,72,173.3
1830,F,12.9,5,64,55,168.8
1831,M,10.3,2,82,88,177.0
1832,M,11.2,1,100,79,173.5
1833,F,10.9,3,77,72,165.7
1834,M,9.7,4,72,90,167.1
1835,M,8.4,2,56,75,180.9
1836,M,16.6,2,82,91,174.5
1837,M,8.6,5,86,64,163.1
1838,M,8.0,5,57,54,176.3
1839,F,11.3,3,72,74,159.2
1840,F,10.8,2,89,86,163.5
1841,F,5.8,2,78,70,169.3
1842,M,13.4,5,66,66,180.5
1843,M,9.7,5,73,77,161.2
1844,F,6.7,8,57,45,159.8
1845,F,13.6,4,81,88,165.2
1846,M,11.9,3,84,88,184.3
1847,F,6.2,2,74,87,167.5
1848,M,15.3,1,99,94,168.5
1849,F,12.0,4,98,73,175.6
1850,M,10.0,3,89,83,165.2
1851,F,14.8,5,88,77,174.3
1852,F,10.5,0,74,85,164.5
1853,M,9.9,3,85,80,168.3
1854,M,8.0,8,58,56,178.5
1855,F,11.7,3,90,72,169.1
1856,F,11.4,3,84,80,159.6
1857,M,10.0,5,85,94,162.0
1858,M,7.6,5,99,79,176.2
1859,F,10.4,2,92,87,158.7
1860,F,9.8,5,86,84,176.7
1861,M,6.0,5,77,74,173.7
1862,M,5.6,2,77,59,182.1
1863,M,11.7,4,61,75,177.3
1864,M,2.2,3,77,77,173.2
1865,F,10.6,3,72,84,152.3
1866,M,8.6,2,70,81,179.2
1867,M,13.9,4,89,80,177.1
1868,M,8.5,4,70,62,159.1
1869,F,12.0,1,75,82,168.5
1870,F,8.8,4,65,70,162.7
1871,M,10.3,1,87,93,165.8
1872,F,12.2,6,81,63,162.0
1873,M,8.6,2,85,78,178.6
1874,F,13.0,1,100,86,164.4
1875,M,7.0,2,68,56,161.0
1876,M,10.9,2,78,88,170.3
1877,F,12.8,4,74,78,163.7
1878,F,12.0,0,90,87,157.2
1879,M,15.7,1,96,100,168.8
1880,M,7.7,3,67,74,167.5
1881,F,5.9,2,71,74,167.4
1882,M,7.0,3,63,72,172.4
1883,M,12.0,2,100,82,169.9
1884,F,11.5,3,75,96,158.1
1885,F,10.3,3,76,83,158.3
1886,F,6.6,3,80,69,162.5
1887,F,12.3,5,81,63,173.0
1888,F,6.3,1,77,73,165.0
1889,F,13.5,3,83,79,162.3
1890,M,18.6,3,100,81,163.9
1891,F,11.1,3,68,78,162.3
1892,M,11.7,2,90,79,166.7
1893,F,8.5,5,77,75,160.9
1894,F,4.6,1,77,70,157.9
1895,M,8.2,1,67,75,166.9
1896,M,6.7,4,61,74,168.0
1897,F,5.7,1,83,72,159.2
1898,F,15.2,3,66,83,179.6
1899,F,10.8,2,84,76,165.9
1900,M,11.1,2,87,87,172.9
1901,F,9.1,3,71,73,161.2
1902,F,9.5,3,76,90,160.5
1903,F,12.9,5,70,93,170.2
1904,F,9.9,3,75,73,153.9
1905,M,11.6,4,71,52,174.8
1906,M,9.4,3,74,87,192.0
1907,F,9.0,8,58,64,172.1
1908,F,5.8,2,72,67,161.8
1909,F,4.1,1,65,64,166.5
1910,F,9.2,7,92,73,164.2
1911,M,10.2,2,70,84,176.9
1912,M,6.1,6,59,61,165.1
1913,M,9.9,4,68,83,166.8
1914,M,10.2,3,66,76,176.2
1915,M,3.5,1,46,59,180.5
1916,M,7.3,5,58,69,177.3
1917,F,11.2,1,73,86,164.1
1918,F,11.2,5,76,81,163.4
1919,F,6.5,3,76,77,158.0
1920,M,10.5,2,63,75,170.7
1921,F,13.1,0,93,95,160.5
1922,M,12.3,4,66,82,180.7
1923,M,9.7,2,69,69,173.6
1924,M,8.6,3,87,69,173.2
1925,F,8.1,1,72,69,152.7
1926,F,11.4,1,93,89,161.8
1927,F,10.6,0,92,85,170.1
1928,M,11.9,3,89,94,177.1
1929,M,10.4,1,81,74,173.4
1930,M,12.5,2,83,76,168.7
1931,F,10.3,1,71,74,159.0
1932,F,12.4,2,91,92,173.7
1933,F,12.6,3,90,80,176.4
1934,M,7.6,2,55,65,179.1
1935,M,4.6,2,63,52,170.1
1936,F,14.6,2,75,81,159.9
1937,M,10.8,4,85,78,176.0
1938,F,4.9,3,71,61,159.7
1939,M,7.9,2,77,72,170.6
1940,F,12.3,4,70,82,177.9
1941,F,9.2,2,79,64,162.3
1942,M,8.5,1,68,68,174.4
1943,F,14.2,2,74,94,158.6
1944,F,6.9,2,47,74,170.8
1945,F,7.6,2,76,82,170.0
1946,F,10.6,3,83,91,161.1
1947,M,11.2,2,84,80,173.9
1948,M,11.5,2,72,83,171.3
1949,M,12.7,1,77,88,179.1
1950,F,10.6,6,69,77,168.1
1951,M,11.5,4,69,86,181.1
1952,F,9.2,1,74,62,175.2
1953,F,10.2,0,78,92,175.7
1954,F,10.3,0,79,76,163.8
1955,M,10.6,6,69,61,170.8
1956,M,12.3,5,95,84,174.7
1957,M,11.7,5,76,82,176.5
1958,F,10.1,2,64,76,155.1
1959,F,7.6,4,71,73,155.1
1960,M,10.2,5,76,79,177.8
1961,M,9.9,2,76,84,168.2
1962,F,10.6,2,75,72,154.6
1963,F,16.6,5,83,79,175.7
1964,F,8.4,2,76,80,159.6
1965,M,11.3,1,78,84,168.6
1966,F,13.2,1,76,78,161.8
1967,M,10.3,3,82,84,185.9
1968,F,17.0,3,100,89,171.7
1969,M,8.9,2,66,92,182.6
1970,F,11.0,2,85,70,158.6
1971,F,7.6,2,81,72,162.0
1972,F,8.9,5,69,61,158.6
1973,F,10.7,1,82,76,163.3
1974,M,12.5,5,72,76,178.8
1975,F,11.0,0,83,95,161.9
1976,M,13.8,2,95,92,178.8
1977,F,9.7,5,67,62,160.5
1978,F,9.0,5,79,65,168.2
1979,M,18.1,3,86,79,172.0
1980,F,11.2,1,88,79,162.0
1981,M,7.8,2,76,68,169.8
1982,M,7.9,1,69,67,165.4
1983,M,7.2,0,76,57,181.5
1984,F,12.8,3,98,83,157.2
1985,F,8.9,0,78,90,168.3
1986,M,10.4,4,86,89,170.0
1987,F,9.8,3,60,53,165.5
1988,F,12.2,6,78,65,159.6
1989,F,7.5,6,87,70,161.9
1990,M,6.8,3,62,68,166.3
1991,M,10.7,3,99,74,171.7
1992,M,11.8,4,79,89,177.7
1993,M,11.0,4,70,77,175.2
1994,F,7.6,4,70,73,177.0
1995,M,12.0,2,88,92,175.4
1996,F,7.8,4,86,78,152.5
1997,M,8.4,4,64,76,173.7
1998,F,7.2,3,72,68,162.8
1999,M,13.9,5,83,70,167.6
2000,F,11.9,5,77,76,172.8
2001,F,11.8,5,100,100,161.0
2002,F,13.7,4,85,87,168.3
2003,F,18.4,2,100,100,160.4
2004,F,4.9,3,72,57,164.0
2005,M,7.8,3,73,83,174.1
2006,F,8.2,3,84,65,170.7
2007,M,7.4,3,53,55,168.1
2008,F,6.8,5,64,65,164.4
2009,M,9.1,1,87,94,163.3
2010,F,6.4,2,79,83,161.8
2011,M,11.0,2,77,78,179.2
2012,M,10.2,4,70,71,178.2
2013,F,11.4,2,86,68,172.8
2014,M,11.5,0,80,84,168.8
2015,F,11.8,4,77,80,165.0
2016,F,8.9,2,82,81,160.7
2017,M,16.4,4,86,96,181.8
2018,M,10.7,4,58,73,180.7
2019,F,4.4,3,68,82,166.8
2020,F,7.0,0,68,64,163.4
2021,M,4.8,1,51,72,180.5
2022,M,10.1,2,74,72,166.8
2023,M,9.6,1,79,91,166.1
2024,M,8.6,4,79,71,165.7
2025,M,16.0,6,100,87,180.3
2026,F,11.6,2,75,89,182.2
2027,M,12.2,3,86,70,174.7
2028,F,7.2,4,68,67,172.0
2029,M,7.0,4,73,73,166.7
2030,F,10.1,4,88,63,164.1
2031,M,10.5,7,69,70,170.0
2032,M,4.4,0,58,60,164.9
2033,F,9.5,3,69,87,160.5
2034,M,10.0,6,78,71,167.0
2035,F,9.4,1,52,86,169.0
2036,M,7.6,4,58,67,178.3
2037,F,8.4,1,78,74,162.1
2038,F,9.5,3,62,70,168.5
2039,F,10.3,5,82,81,160.6
2040,F,11.8,1,88,88,164.5
2041,F,13.2,3,69,79,166.4
2042,M,9.1,2,99,68,174.7
2043,M,8.6,3,66,63,181.1
2044,M,11.3,3,96,82,175.9
2045,F,11.8,3,90,68,160.7
2046,F,8.7,0,71,90,157.2
2047,F,12.4,1,90,95,154.6
2048,M,12.9,3,76,72,173.4
2049,M,13.9,2,93,80,165.4
2050,F,15.3,4,78,92,155.7
2051,M,7.4,4,63,58,180.9
2052,F,10.0,4,73,70,168.7
2053,F,10.0,2,74,76,153.0
2054,F,9.7,2,76,82,162.4
2055,F,8.1,3,65,79,173.9
2056,M,5.5,2,66,80,161.9
2057,M,10.3,6,79,84,169.6
2058,F,7.7,4,73,73,168.0
2059,M,10.3,6,91,84,164.6
2060,M,7.6,2,57,69,175.2
2061,M,6.7,5,75,57,181.6
2062,M,10.7,4,69,65,179.5
2063,F,10.5,1,87,74,160.8
2064,M,11.7,0,85,74,162.0
2065,F,16.6,1,95,86,160.6
2066,M,10.8,2,90,83,175.0
2067,F,11.5,2,74,84,156.9
2068,M,6.8,0,80,89,186.6
2069,F,6.1,3,57,59,165.1
2070,F,14.7,3,84,68,154.3
2071,M,7.2,3,68,63,167.2
2072,M,6.9,0,73,83,177.2
2073,F,9.9,1,64,66,165.0
2074,M,9.7,4,69,66,166.1
2075,M,7.3,1,90,85,164.8
2076,F,9.1,4,100,86,171.0
2077,M,13.7,3,97,85,165.9
2078,F,7.6,3,72,70,170.2
2079,M,5.8,1,77,75,171.3
2080,F,12.8,0,96,87,167.0
2081,F,11.5,6,67,73,166.4
2082,M,8.1,5,60,67,175.7
2083,M,5.3,3,63,73,174.3
2084,M,7.8,4,83,79,175.3
2085,M,9.8,3,72,91,175.2
2086,M,13.5,2,88,100,173.5
2087,M,6.9,1,76,76,167.3
2088,M,9.7,5,69,66,169.3
2089,F,12.0,5,96,92,151.2
2090,F,2.9,2,55,71,154.7
2091,F,13.1,2,100,100,175.9
2092,M,6.5,2,56,72,171.3
2093,F,11.0,3,65,86,175.4
2094,F,10.7,2,75,78,166.4
2095,M,13.3,3,78,85,181.0
2096,F,11.7,7,81,78,155.0
2097,F,2.9,3,69,72,164.0
2098,M,7.6,2,76,81,179.3
2099,M,10.4,0,69,85,185.8
2100,F,9.4,5,77,77,165.6
2101,F,11.4,3,89,85,157.1
2102,F,12.4,4,85,74,158.3
2103,M,11.8,1,83,72,174.3
2104,M,9.4,1,78,97,175.0
2105,F,4.5,4,53,63,173.8
2106,M,8.6,4,84,91,180.1
2107,F,11.2,4,65,77,162.2
2108,F,6.7,6,49,65,173.3
2109,M,11.9,4,90,83,165.7
2110,F,12.7,4,61,70,164.3
2111,F,10.4,3,88,69,166.8
2112,F,0.8,1,61,76,158.8
2113,M,6.2,6,69,71,170.3
2114,M,15.7,4,83,98,175.9
2115,M,8.4,3,82,87,186.2
2116,F,4.0,4,60,60,175.5
2117,F,13.7,5,83,90,164.7
2118,M,10.0,2,100,95,178.2
2119,F,13.3,3,74,77,160.4
2120,M,10.8,4,65,76,186.1
2121,M,11.4,0,70,83,169.2
2122,F,11.1,2,81,74,163.4
2123,M,12.1,5,78,75,178.3
2124,F,16.8,3,98,87,161.6
2125,F,12.9,8,68,93,162.9
2126,M,5.3,2,82,62,172.4
2127,F,11.3,5,82,86,162.1
2128,M,13.4,2,78,82,184.5
2129,M,13.6,1,85,77,166.9
2130,M,8.7,2,82,79,178.5
2131,M,13.5,3,80,89,177.4
2132,F,12.8,0,80,85,164.8
2133,F,17.7,5,94,94,167.7
2134,M,7.7,2,78,87,169.7
2135,M,8.5,2,60,76,177.7
2136,F,9.1,1,64,81,158.5
2137,F,8.5,5,71,67,157.8
2138,F,7.3,4,67,78,162.5
2139,F,1.7,1,51,66,168.2
2140,M,8.7,2,70,66,174.5
2141,F,11.1,5,86,67,167.6
2142,M,8.5,7,67,51,170.5
2143,M,15.8,6,84,87,169.8
2144,M,10.0,5,64,73,186.4
2145,F,13.9,1,87,72,163.0
2146,F,10.8,4,62,89,159.0
2147,M,12.5,6,85,80,166.1
2148,M,10.8,4,67,92,171.4
2149,F,14.1,8,64,79,157.9
2150,M,10.2,4,68,64,167.6
2151,F,11.5,3,100,89,160.5
2152,M,11.1,2,87,80,157.3
2153,F,9.1,3,87,76,150.0
2154,F,11.2,3,89,73,154.2
2155,M,16.7,2,83,95,165.2
2156,F,9.2,6,68,61,167.7
2157,F,11.3,4,70,84,156.2
2158,F,13.8,0,83,84,160.2
2159,F,13.4,1,83,95,163.8
2160,M,10.0,6,64,52,173.5
2161,F,2.8,8,64,61,152.0
2162,M,11.6,1,72,97,190.1
2163,M,3.3,1,61,56,178.8
2164,F,14.4,1,86,90,167.6
2165,F,10.5,4,76,75,169.3
2166,M,13.0,0,99,87,175.6
2167,M,7.3,5,62,74,184.2
2168,M,5.3,3,74,62,179.2
2169,M,10.8,1,83,82,174.9
2170,F,9.9,1,80,88,162.7
2171,F,8.5,1,67,70,160.0
2172,M,10.3,2,78,70,175.9
2173,F,18.3,4,88,100,171.0
2174,M,12.5,4,80,85,163.4
2175,F,13.1,3,84,77,155.1
2176,M,12.5,2,83,75,166.8
2177,F,14.4,2,100,81,161.3
2178,F,9.4,2,80,81,161.5
2179,F,3.8,0,62,69,159.4
2180,F,9.4,1,86,89,167.2
2181,M,12.4,6,71,77,179.8
2182,F,7.1,2,64,61,157.4
2183,F,9.5,4,71,81,170.8
2184,F,7.9,7,48,57,162.9
2185,F,14.5,1,94,90,163.1
2186,M,12.2,5,74,66,181.1
2187,F,12.0,2,77,75,160.0
2188,M,11.9,1,88,98,168.8
2189,F,9.9,2,96,68,165.8
2190,M,10.6,1,80,90,167.6
2191,F,6.4,0,69,64,165.3
2192,F,3.4,3,55,64,159.5
2193,M,10.5,7,78,71,173.1
2194,M,11.0,3,84,88,178.1
2195,M,13.6,5,70,67,168.9
2196,F,14.7,4,94,88,154.4
2197,F,14.7,3,90,92,163.4
2198,M,7.0,2,67,64,180.9
2199,F,8.9,3,71,71,163.8
2200,M,11.4,6,77,77,170.3
999001,M,0.5,12,5,98,181.0
999002,F,0.0,14,12,96,159.0
999003,M,8.0,2,78,82,250.0
999004,F,9.0,3,81,84,120.0
999005,M,60.0,0,100,100,176.0
999006,F,0.0,40,0,5,162.0
