order_id,order_date,customer_id,channel,membership_tier,total_rmb,tip_rmb
100290,2025-04-15,1862,In-Store,Guest,30.67,0.0
100804,2025-04-22,1342,In-Store,Silver,48.04,2.0
100462,2025-03-03,1081,In-Store,Guest,49.02,0.0
100222,2025-04-11,1617,In-Store,Guest,51.88,0.0
100162,2025-04-24,1275,App,Gold,16.4,2.0
100738,2025-04-25,1478,Delivery,,55.95,0.0
100099,2025-04-08,1414,App,Guest,15.08,0.5
100749,2025-04-20,1020,In-Store,,41.52,0.0
100141,2025-04-12,1360,In-Store,Guest,56.98,0.0
100494,2025-03-02,1057,In-Store,Silver,16.45,0.0
100270,2025-04-12,1841,App,Gold,47.35,0.0
100659,2025-03-24,1111,Delivery,Guest,31.53,1.0
100435,2025-03-25,1237,In-Store,Guest,38.9,0.0
100947,2025-04-03,1905,In-Store,Gold,48.28,0.0
100586,2025-04-17,1773,App,Guest,43.46,1.0
100255,2025-03-02,1339,In-Store,Guest,33.32,0.5
100088,2025-04-17,1609,In-Store,Silver,50.64,0.5
100090,2025-03-12,1313,App,Gold,32.11,0.0
100625,2025-04-09,1461,App,Gold,30.85,0.0
100757,2025-03-11,1374,App,Silver,53.68,0.0
100883,2025-04-14,1473,In-Store,Gold,33.11,1.0
101177,2025-04-22,1232,In-Store,Guest,32.85,0.0
100014,2025-04-24,1972,In-Store,Silver,47.43,0.0
100394,2025-03-23,1217,Delivery,Guest,36.62,0.0
100799,2025-04-16,1148,Delivery,,18.61,2.0
101020,2025-03-08,1572,App,Guest,361.57356546112754,0.0
101111,2025-03-23,1916,Delivery,Guest,43.67,0.0
101139,2025-04-20,1698,App,Gold,38.2,1.0
100083,2025-03-31,1582,In-Store,Guest,42.19,0.0
100006,2025-04-28,1961,In-Store,Silver,28.7,0.0
101038,2025-03-03,1403,App,,31.63,0.0
100005,2025-03-18,1079,In-Store,Guest,33.29,0.0
100897,2025-04-28,1223,In-Store,Guest,27.16,0.0
100091,2025-04-22,1682,App,Guest,34.17,0.0
100264,2025-03-08,1649,App,Guest,33.0,0.0
100193,2025-03-31,1768,In-Store,Guest,43.54,0.0
100239,2025-03-04,1617,Delivery,Silver,42.77,0.0
100272,2025-04-29,1729,App,Silver,44.97,
100527,2025-04-14,1655,In-Store,Guest,30.69,1.0
100025,2025-03-01,1682,App,Gold,39.19,0.0
100833,2025-04-06,1593,App,Guest,35.99,0.0
100423,2025-04-26,1443,App,Silver,10.53,1.0
100236,2025-04-05,1083,In-Store,Guest,38.72,0.0
100300,2025-04-28,1264,In-Store,Gold,46.02,1.0
100258,2025-04-19,1850,In-Store,Guest,28.26,0.0
100049,2025-04-21,1473,App,Platinum,35.47,0.0
100736,2025-04-29,1378,In-Store,Guest,43.76,0.0
100317,2025-03-12,1042,App,Gold,33.15,0.0
101061,2025-03-20,1493,Delivery,Silver,25.91,0.0
100802,2025-03-09,1992,Delivery,Guest,54.8,0.0
101117,2025-03-17,1492,App,Guest,39.04,0.0
100221,2025-04-13,1599,App,Guest,48.27,1.0
100981,2025-04-14,1557,Delivery,Guest,28.71,0.0
101116,2025-03-29,1155,In-Store,Silver,52.96,0.0
100408,2025-03-13,1721,App,Guest,41.87,
100852,2025-04-06,1356,In-Store,Guest,33.46,0.5
100961,2025-04-03,1270,Delivery,,34.49,0.0
100185,2025-03-14,1170,In-Store,Guest,31.91,0.0
100495,2025-03-23,1672,Delivery,Guest,52.06,0.0
101011,2025-03-10,1211,In-Store,Guest,36.63,0.0
100267,2025-03-04,1538,In-Store,Guest,37.0,0.0
100526,2025-03-04,1024,Delivery,Gold,48.69,0.0
101093,2025-04-13,1163,Delivery,Gold,46.77,0.0
100822,2025-04-14,1811,App,Guest,19.07,0.0
100125,2025-04-29,1068,Delivery,Guest,34.89,0.0
100286,2025-03-19,1666,In-Store,Silver,44.05,0.0
100577,2025-04-05,1535,Delivery,Guest,28.61,0.0
100783,2025-03-08,1814,App,Silver,34.68,2.0
101001,2025-04-20,1280,Delivery,Guest,29.4,0.0
100064,2025-03-18,1389,App,Guest,43.61,0.0
100652,2025-04-26,1937,Delivery,Gold,43.83,0.0
100373,2025-03-08,1561,App,Silver,48.78,0.0
100048,2025-04-27,1718,In-Store,Gold,29.59,1.0
100613,2025-03-16,1537,In-Store,Silver,39.21,0.5
100023,2025-04-13,1110,Delivery,Gold,44.65,1.0
101070,2025-03-28,1713,Delivery,Guest,39.78,0.0
101159,2025-04-10,1196,In-Store,Guest,50.98,
100563,2025-03-07,1801,In-Store,Silver,55.21,1.0
100579,2025-03-18,1226,Delivery,Silver,23.63,0.0
100735,2025-03-03,1803,In-Store,Silver,29.39,0.0
100126,2025-04-21,1469,In-Store,Silver,36.95,0.0
100988,2025-04-26,1895,App,Gold,22.63,1.0
100375,2025-04-02,1715,App,Guest,34.76,1.0
100941,2025-03-09,1969,In-Store,Guest,38.88,0.0
100035,2025-04-07,1148,In-Store,Guest,54.76,0.0
100627,2025-04-27,1916,In-Store,Gold,55.43,0.0
100173,2025-04-02,1589,App,,51.16,0.0
100479,2025-04-16,1803,Delivery,,34.15,0.0
100795,2025-03-11,1527,App,Guest,18.65,2.0
100219,2025-04-11,1902,In-Store,Silver,34.86,2.0
100234,2025-03-14,1979,Delivery,Guest,42.33,0.0
100404,2025-04-25,1146,In-Store,Guest,47.78,0.0
100152,2025-03-19,1010,App,Guest,30.02,0.0
100178,2025-04-22,1105,In-Store,Guest,50.91,
100050,2025-04-28,1951,App,Platinum,31.6,0.0
100037,2025-04-26,1011,App,Guest,24.53,1.0
100413,2025-04-14,1998,In-Store,Silver,27.21,0.0
100671,2025-04-23,1591,In-Store,Guest,43.57,0.0
100433,2025-04-10,1148,Delivery,Guest,56.76,0.5
100430,2025-03-03,1745,In-Store,Guest,17.45,0.0
100838,2025-03-06,1634,App,Guest,25.17,0.0
100924,2025-03-07,1337,In-Store,Gold,37.22,0.0
100273,2025-03-19,1659,Delivery,,41.47,0.0
100252,2025-03-10,1511,App,Gold,35.26,0.0
100303,2025-03-05,1540,Delivery,Silver,38.26,0.0
100443,2025-03-07,1532,In-Store,Guest,45.03,
101191,2025-04-06,1063,App,Gold,39.32,0.0
100195,2025-04-04,1461,App,Gold,37.21,
101080,2025-03-06,1845,In-Store,Silver,47.46,0.0
101112,2025-04-20,1010,Delivery,Guest,13.47,0.0
100336,2025-04-19,1775,Delivery,Guest,42.03,1.0
100157,2025-04-23,1677,In-Store,Guest,42.31,0.0
100204,2025-04-10,1183,App,Gold,40.31,0.5
101045,2025-03-09,1196,In-Store,Gold,42.55,0.0
101135,2025-03-07,1656,App,Silver,21.85,0.0
101161,2025-04-20,1419,App,Silver,34.98,0.5
100391,2025-03-04,1997,Delivery,Silver,47.63,0.0
100638,2025-03-14,1366,Delivery,Silver,28.09,0.5
100513,2025-03-08,1381,In-Store,Gold,34.28,0.0
100696,2025-04-24,1892,In-Store,Gold,41.02,0.0
101044,2025-04-22,1676,App,Silver,54.45,0.0
101069,2025-04-22,1344,In-Store,Guest,42.21,1.0
100661,2025-03-08,1603,Delivery,Guest,42.85,0.0
100775,2025-03-26,1048,In-Store,Silver,38.01,0.0
100820,2025-04-09,1033,App,Gold,53.03,1.0
100639,2025-04-23,1936,App,Gold,41.28,0.0
100916,2025-04-09,1675,In-Store,Guest,33.14,0.0
100072,2025-04-07,1009,App,Gold,26.37,0.0
100379,2025-03-03,1873,In-Store,Guest,36.61,0.0
100100,2025-03-18,1745,In-Store,Guest,32.73,0.0
100034,2025-04-03,1169,App,Silver,34.12,0.0
100904,2025-04-10,1651,App,Guest,33.08,1.0
101084,2025-03-29,1589,In-Store,Guest,48.22,2.0
100292,2025-04-13,1568,In-Store,Guest,48.46,0.0
100395,2025-04-20,1271,App,,29.25,1.0
101134,2025-03-29,1239,In-Store,Guest,32.4,0.0
100855,2025-04-11,1281,App,Silver,28.31,0.0
100948,2025-03-03,1602,In-Store,Guest,50.6,0.5
100585,2025-04-14,1253,Delivery,Guest,55.38,0.0
100679,2025-03-16,1556,App,Guest,30.56,0.5
100381,2025-03-27,1215,In-Store,Guest,19.44,0.0
100172,2025-04-06,1945,Delivery,Silver,32.41,0.0
100692,2025-03-12,1343,In-Store,Guest,33.27,0.0
100289,2025-04-20,1215,In-Store,Guest,40.76,0.5
100332,2025-03-09,1937,In-Store,Guest,31.63,0.5
100154,2025-04-21,1213,In-Store,Silver,31.33,1.0
100341,2025-04-24,1311,App,Guest,44.81,0.0
100093,2025-03-21,1246,App,Gold,16.11,0.5
100544,2025-03-02,1717,App,Silver,37.94,0.0
100192,2025-04-28,1202,Delivery,Gold,35.69,
100744,2025-04-08,1318,App,Guest,50.48,1.0
101030,2025-04-19,1279,App,Guest,45.33,0.0
100893,2025-03-15,1858,App,Guest,59.6,1.0
101115,2025-04-21,1138,In-Store,Silver,52.61,0.0
100461,2025-03-17,1648,In-Store,Guest,21.6,1.0
101150,2025-04-02,1282,Delivery,Silver,0,0.0
100558,2025-03-04,1546,In-Store,Gold,36.59,0.0
100214,2025-03-16,1629,In-Store,Guest,39.17,0.0
100501,2025-04-06,1371,Delivery,Guest,19.37,0.0
100605,2025-04-12,1184,In-Store,Silver,35.3,0.0
100891,2025-03-22,1820,In-Store,Guest,54.54,1.0
100878,2025-04-28,1242,In-Store,Silver,38.16,0.0
100912,2025-03-13,1150,Delivery,Silver,26.14,0.0
100875,2025-04-29,1672,App,Silver,30.68,1.0
100666,2025-03-19,1876,In-Store,Gold,32.66,
100170,2025-03-05,1621,Delivery,Gold,29.49,
100030,2025-04-16,1088,In-Store,Guest,7.35,0.0
101023,2025-03-06,1722,App,Platinum,34.16,0.0
100335,2025-04-18,1641,Delivery,Guest,48.44,0.0
100695,2025-04-13,1630,App,,25.8,0.0
101105,2025-03-20,1764,In-Store,Silver,21.86,0.0
101167,2025-04-02,1867,App,Guest,36.85,0.0
100870,2025-04-20,1618,In-Store,Silver,34.68,0.0
100825,2025-04-04,1892,In-Store,Silver,26.52,0.0
100754,2025-04-19,1623,Delivery,Platinum,39.49,0.0
100412,2025-04-29,1097,App,Guest,38.68,1.0
100386,2025-04-16,1484,Delivery,Silver,44.26,0.0
100393,2025-04-14,1136,App,Guest,29.83,0.0
100631,2025-04-10,1967,App,Silver,46.05,0.0
100597,2025-03-22,1318,In-Store,Gold,20.33,0.0
100448,2025-03-17,1263,In-Store,Silver,52.14,0.0
100310,2025-04-25,1919,In-Store,Silver,38.9,0.0
101151,2025-03-09,1860,In-Store,Platinum,40.42,1.0
100282,2025-03-06,1239,Delivery,Gold,48.42,0.0
100854,2025-03-08,1101,In-Store,Guest,35.97,0.0
100663,2025-03-06,1446,App,Gold,25.77,0.0
101183,2025-04-18,1157,In-Store,Silver,46.47,0.0
100946,2025-03-25,1371,In-Store,Guest,40.19,0.0
100646,2025-03-27,1864,App,Gold,46.09,2.0
100726,2025-04-17,1821,In-Store,Guest,33.93,0.0
101040,2025-03-12,1376,Delivery,Guest,45.19,0.0
100982,2025-04-02,1915,In-Store,Gold,34.7,0.0
100519,2025-03-28,1706,App,Guest,44.27,0.0
100114,2025-04-19,1205,App,Guest,38.26,0.0
100240,2025-03-15,1247,App,Silver,43.47,0.5
101029,2025-04-21,1925,App,Guest,42.89,0.0
100665,2025-03-25,1017,In-Store,Guest,19.82,
100895,2025-04-10,1382,Delivery,Guest,26.98,0.0
100043,2025-03-13,1585,In-Store,Gold,49.13,0.0
100554,2025-04-07,1152,In-Store,Guest,37.24,2.0
100365,2025-04-26,1635,In-Store,Silver,52.06,0.0
101170,2025-03-12,1647,Delivery,Gold,23.65,0.5
100411,2025-04-12,1726,App,Guest,48.37,0.0
100210,2025-04-04,1993,In-Store,Guest,52.47,0.0
100514,2025-03-15,1984,Delivery,Guest,35.62,0.0
100571,2025-04-21,1383,App,Guest,31.53,0.0
100711,2025-04-10,1160,In-Store,Gold,41.21,0.0
100120,2025-04-16,1026,Delivery,Guest,34.06,0.0
100890,2025-03-28,1425,App,Gold,22.13,0.0
100629,2025-04-27,1223,App,Guest,35.2,0.0
100070,2025-03-14,1145,App,,43.91,0.0
100942,2025-04-08,1408,Delivery,Guest,38.91,0.5
100697,2025-04-01,1971,In-Store,Guest,38.68,0.0
100817,2025-03-04,1113,Delivery,Guest,38.26,0.0
100529,2025-04-24,1426,Delivery,Guest,45.04,0.0
101027,2025-04-21,1684,In-Store,Gold,34.69,0.0
100350,2025-04-21,1441,App,Guest,38.6,0.0
100276,2025-03-08,1481,Delivery,Guest,30.56,
100507,2025-04-10,1893,In-Store,Silver,28.5,0.0
100004,2025-03-13,1298,App,Platinum,37.78,0.0
100319,2025-04-11,1338,Delivery,Guest,32.9,0.0
100142,2025-03-06,1431,In-Store,Guest,25.69,1.0
100602,2025-04-06,1921,App,Guest,24.91,0.0
100547,2025-04-13,1632,In-Store,Platinum,26.0,1.0
100217,2025-03-24,1076,In-Store,Guest,30.38,0.0
100389,2025-03-31,1943,Delivery,Silver,38.42,0.0
100967,2025-04-06,1975,In-Store,Guest,44.74,0.0
100325,2025-03-24,1509,In-Store,Guest,40.26,0.0
100882,2025-03-16,1187,In-Store,,40.73,0.0
100098,2025-03-13,1302,In-Store,Silver,53.6,0.5
100896,2025-03-26,1720,Delivery,Silver,22.79,0.5
100991,2025-03-02,1792,In-Store,Platinum,34.85,0.0
100590,2025-03-25,1866,In-Store,Guest,34.45,0.0
100876,2025-03-28,1522,App,Guest,36.11,1.0
100169,2025-03-21,1830,In-Store,Silver,30.78,0.0
100899,2025-04-09,1112,App,Gold,52.64,
100533,2025-04-24,1192,In-Store,Guest,29.59,0.0
100388,2025-04-17,1367,App,Gold,36.5,
101108,2025-03-16,1775,Delivery,Silver,22.09,0.0
100903,2025-04-02,1035,App,Guest,32.93,0.0
100009,2025-03-19,1364,Delivery,Guest,25.01,0.0
100426,2025-04-10,1189,In-Store,Guest,55.11,2.0
100831,2025-04-25,1427,In-Store,Gold,19.87,1.0
100344,2025-04-09,1516,In-Store,Guest,33.36,0.0
100460,2025-03-19,1574,Delivery,Guest,26.83,0.0
100338,2025-04-12,1512,In-Store,Guest,33.48,0.0
100182,2025-03-08,1447,In-Store,Guest,34.29,0.0
101089,2025-03-11,1658,Delivery,Gold,49.74,2.0
100001,2025-04-08,1410,In-Store,Gold,27.74,2.0
100007,2025-03-01,1346,In-Store,Platinum,21.8,0.0
100739,2025-04-21,1645,In-Store,Silver,39.58,0.0
100773,2025-04-21,1246,App,Guest,39.59,0.0
100376,2025-03-16,1374,Delivery,Silver,47.99,0.0
100742,2025-04-23,1596,In-Store,,30.66,0.0
100256,2025-04-19,1225,In-Store,Platinum,34.69,0.0
100839,2025-03-19,1944,Delivery,Gold,39.04,0.0
100128,2025-03-28,1304,Delivery,Gold,32.06,0.0
100330,2025-04-02,1710,In-Store,Guest,0,0.0
100291,2025-03-22,1285,App,Gold,37.29,0.0
100985,2025-04-11,1140,App,Guest,30.28,0.0
101076,2025-03-09,1024,App,Guest,26.38,0.0
100596,2025-04-19,1443,App,Guest,39.64,0.0
100149,2025-04-16,1173,In-Store,Guest,39.77,0.5
100694,2025-03-20,1511,App,Gold,26.56,0.0
100658,2025-04-10,1271,In-Store,Guest,42.08,1.0
100045,2025-04-06,1126,App,Gold,41.03,0.0
100112,2025-03-04,1456,In-Store,,28.78,2.0
100950,2025-03-19,1541,In-Store,Guest,35.95,0.0
100784,2025-03-05,1193,App,Silver,36.14,1.0
101184,2025-04-28,1755,In-Store,Guest,47.78,0.0
100143,2025-04-24,1089,In-Store,Guest,35.11,0.0
100113,2025-04-02,1501,In-Store,Silver,37.62,0.0
100810,2025-04-08,1835,In-Store,Gold,54.52,0.0
100343,2025-04-17,1340,App,Guest,39.96,
100672,2025-03-31,1141,App,Guest,21.31,0.0
100410,2025-04-27,1958,In-Store,Platinum,20.46,0.0
100819,2025-04-24,1577,In-Store,Gold,49.02,0.5
100706,2025-03-05,1131,App,Gold,25.99,0.0
100581,2025-03-27,1005,In-Store,Gold,48.88,0.0
100311,2025-04-27,1661,In-Store,Silver,26.01,1.0
100606,2025-03-09,1614,Delivery,Gold,27.02,
100771,2025-03-31,1030,In-Store,Silver,34.04,0.0
100763,2025-03-22,1322,Delivery,Guest,46.77,0.0
100197,2025-04-17,1555,Delivery,Guest,35.56,0.0
100153,2025-04-29,1901,In-Store,Guest,41.16,0.0
100018,2025-03-29,1012,App,Guest,45.9,0.0
101012,2025-03-14,1573,In-Store,Silver,36.97,1.0
101128,2025-03-23,1428,Delivery,Guest,49.16,0.0
100567,2025-04-24,1536,In-Store,Platinum,39.28,0.0
100357,2025-04-24,1705,App,Guest,33.5,0.0
100992,2025-04-23,1694,Delivery,Guest,46.04,0.5
100881,2025-03-06,1638,App,Silver,33.35,0.0
100615,2025-03-15,1609,In-Store,Guest,41.23,2.0
100424,2025-04-24,1841,In-Store,Silver,28.66,0.0
100096,2025-03-09,1817,App,Platinum,48.64,0.0
101141,2025-04-23,1829,App,Guest,31.96,0.0
100262,2025-04-14,1716,Delivery,Guest,34.75,0.5
101078,2025-04-05,1704,Delivery,Platinum,39.05,0.0
100288,2025-03-26,1986,App,Guest,58.02,1.0
100929,2025-04-16,1550,Delivery,Silver,41.92,
100473,2025-04-08,1900,App,Guest,25.92,0.5
101106,2025-04-25,1100,Delivery,Guest,35.2,2.0
100523,2025-04-24,1073,App,Guest,44.55,2.0
100032,2025-04-26,1119,In-Store,Guest,40.1,0.5
100945,2025-03-28,1145,In-Store,Guest,42.8,0.0
100856,2025-03-05,1216,In-Store,Gold,23.22,1.0
100206,2025-03-22,1082,In-Store,Gold,15.22,0.0
100073,2025-03-17,1635,App,Gold,45.51,0.5
100938,2025-03-14,1433,In-Store,Guest,35.8,0.0
100313,2025-04-11,1695,In-Store,Guest,53.79,0.0
100603,2025-04-27,1589,In-Store,Guest,53.81,0.0
100578,2025-03-02,1089,App,Silver,48.41,0.0
100115,2025-03-22,1147,In-Store,Silver,41.51,0.0
100670,2025-03-22,1386,App,Guest,41.94,0.5
100713,2025-03-09,1828,App,Gold,18.97,0.0
101120,2025-04-06,1732,App,Guest,33.03,0.5
100390,2025-03-03,1864,App,Guest,37.65,0.0
100826,2025-04-26,1252,App,Guest,96.15047538532261,1.0
100922,2025-03-25,1624,In-Store,Guest,43.46,0.0
100644,2025-03-08,1519,In-Store,Silver,45.96,
100583,2025-03-20,1436,App,Guest,40.34,0.0
100180,2025-03-27,1840,Delivery,Gold,59.98,0.0
100510,2025-03-29,1600,App,Guest,37.07,0.0
101054,2025-03-12,1730,Delivery,Silver,44.27,0.0
100488,2025-04-22,1588,App,Guest,42.18,0.0
100200,2025-03-05,1974,App,Silver,46.21,0.5
101178,2025-03-07,1468,In-Store,Guest,23.47,
101019,2025-04-20,1398,In-Store,Silver,36.37,0.0
100103,2025-03-23,1897,App,Guest,58.78,0.0
101121,2025-04-18,1698,App,Guest,34.1,0.0
100223,2025-03-09,1994,Delivery,Gold,25.2,0.0
100465,2025-04-26,1416,Delivery,Platinum,48.26,0.0
101149,2025-04-03,1019,App,Silver,25.6,0.0
100419,2025-04-06,1523,In-Store,Guest,25.89,2.0
101148,2025-04-22,1051,Delivery,Platinum,44.0,0.0
100552,2025-04-05,1311,Delivery,Silver,35.83,0.0
100712,2025-04-08,1154,In-Store,Guest,24.94,1.0
100109,2025-04-10,1394,Delivery,Guest,50.26,1.0
100481,2025-04-13,1738,Delivery,Guest,41.75,1.0
100699,2025-03-06,1727,App,Platinum,30.46,0.0
101119,2025-04-09,1310,App,Guest,53.43,1.0
100131,2025-04-19,1418,Delivery,Gold,41.51,0.0
100808,2025-03-01,1290,Delivery,Guest,45.27,0.0
100402,2025-03-09,1571,Delivery,,33.12,0.5
100163,2025-03-07,1066,Delivery,Guest,64.51,0.0
100873,2025-04-12,1623,Delivery,Guest,42.82,1.0
100475,2025-04-23,1444,In-Store,Guest,48.34,0.0
100772,2025-04-11,1616,In-Store,Guest,40.91,0.0
100082,2025-04-19,1111,In-Store,Silver,26.76,0.0
100454,2025-03-17,1188,App,Guest,30.55,0.0
100740,2025-04-08,1681,App,Gold,40.75,0.0
100274,2025-03-12,1961,App,Guest,35.9,0.5
100733,2025-03-11,1235,App,Guest,51.33,0.0
100089,2025-04-27,1805,In-Store,Platinum,35.58,0.0
100892,2025-03-09,1472,Delivery,Gold,37.96,0.5
100339,2025-03-23,1431,In-Store,Gold,31.55,0.0
101189,2025-03-27,1376,App,Guest,41.11,0.0
100309,2025-04-21,1256,In-Store,Platinum,48.11,
100745,2025-03-30,1703,App,Gold,44.32,0.0
101104,2025-04-29,1742,App,Gold,19.43,0.0
100959,2025-04-24,1402,Delivery,Guest,51.34,0.5
100769,2025-03-09,1095,In-Store,Guest,54.89,0.0
100046,2025-03-10,1547,App,Silver,47.04,0.0
100469,2025-03-16,1965,App,Gold,13.09,0.5
100293,2025-04-23,1308,Delivery,Silver,49.44,0.5
100044,2025-03-21,1907,In-Store,Silver,62.87,1.0
100884,2025-04-15,1000,Delivery,Gold,49.18,1.0
100378,2025-04-01,1817,In-Store,Guest,26.98,0.0
100698,2025-04-16,1091,In-Store,Gold,25.74,
100190,2025-03-30,1890,In-Store,Gold,51.8,0.0
100515,2025-04-23,1331,App,Guest,45.73,0.0
100307,2025-04-27,1270,In-Store,Guest,23.84,0.5
101122,2025-04-16,1613,App,Silver,40.76,0.0
100441,2025-03-31,1920,App,Guest,28.43,0.5
100930,2025-04-24,1432,App,Silver,43.75,
100842,2025-03-10,1840,App,Guest,36.55,1.0
100877,2025-04-29,1195,In-Store,Guest,45.56,0.0
100401,2025-04-07,1177,In-Store,Guest,34.14,0.0
101198,2025-04-08,1796,Delivery,Gold,38.29,0.0
101006,2025-03-23,1370,App,Silver,40.27,0.0
100969,2025-03-15,1061,App,Guest,57.78,0.5
100970,2025-03-08,1472,Delivery,Guest,18.06,0.0
100595,2025-03-14,1257,In-Store,Gold,39.68,0.0
100632,2025-03-22,1810,App,Platinum,35.75,
100689,2025-03-30,1717,In-Store,Guest,30.43,0.5
100908,2025-03-04,1944,In-Store,,37.99,0.0
100758,2025-03-08,1495,In-Store,Guest,45.87,0.0
101062,2025-03-20,1459,In-Store,Gold,21.25,0.0
100066,2025-03-16,1859,Delivery,Gold,34.31,1.0
100849,2025-03-14,1470,In-Store,Gold,43.37,0.0
101166,2025-04-08,1099,App,Silver,55.81,0.0
100868,2025-03-10,1429,In-Store,Gold,9.99,0.0
101026,2025-03-02,1683,App,Guest,37.55,1.0
100151,2025-04-02,1729,Delivery,Guest,44.64,0.0
101162,2025-03-26,1784,App,Guest,47.53,0.0
100107,2025-04-18,1929,App,Guest,47.47,0.0
100786,2025-04-20,1030,In-Store,Guest,38.43,0.5
100205,2025-03-10,1298,In-Store,Guest,36.2,2.0
100820,2025-04-09,1033,App,Gold,53.03,1.0
100582,2025-03-21,1856,App,Guest,58.49,0.0
100145,2025-04-05,1764,Delivery,Guest,37.19,1.0
100406,2025-03-07,1368,Delivery,Silver,53.54,0.5
100438,2025-03-05,1640,In-Store,Guest,37.82,0.0
100974,2025-03-28,1987,Delivery,Silver,49.42,0.0
100803,2025-03-17,1228,App,Silver,26.67,0.0
100326,2025-04-18,1789,In-Store,Gold,50.79,0.0
101003,2025-03-16,1520,App,Silver,35.23,0.0
101113,2025-03-28,1811,App,Silver,57.79,2.0
100867,2025-04-22,1846,App,Platinum,51.16,0.0
100121,2025-04-16,1590,App,Guest,40.04,1.0
100097,2025-03-02,1704,In-Store,Guest,45.34,0.0
101190,2025-03-15,1465,In-Store,Platinum,19.84,0.5
100762,2025-03-20,1243,In-Store,Guest,36.35,0.0
100244,2025-04-22,1417,App,Silver,33.26,0.0
100022,2025-03-19,1735,In-Store,Guest,39.66,0.0
100743,2025-03-08,1802,In-Store,Guest,42.62,0.0
100511,2025-04-10,1827,In-Store,Silver,39.79,0.0
100509,2025-04-05,1656,App,Guest,28.2,0.0
100102,2025-03-28,1638,In-Store,Gold,49.17,1.0
101123,2025-03-31,1472,In-Store,Guest,43.58,0.0
100187,2025-04-25,1529,In-Store,Guest,34.22,0.0
100220,2025-03-28,1512,App,Gold,24.39,0.0
101195,2025-03-08,1417,Delivery,Platinum,36.53,1.0
101007,2025-03-04,1784,App,Guest,36.23,0.0
100651,2025-03-29,1572,Delivery,Gold,33.78,0.0
100607,2025-04-18,1798,In-Store,Guest,49.0,0.0
100828,2025-04-14,1438,App,Guest,44.41,0.0
101110,2025-04-02,1333,In-Store,Silver,39.03,0.0
100294,2025-03-31,1805,In-Store,Silver,41.04,0.0
100061,2025-03-30,1611,App,Silver,46.57,0.0
100931,2025-03-29,1236,App,Guest,38.75,0.5
101041,2025-04-09,1127,App,Silver,43.71,2.0
100791,2025-04-09,1016,In-Store,Guest,39.54,0.0
100994,2025-03-17,1083,App,Guest,25.83,0.0
100445,2025-04-13,1797,Delivery,,46.6,0.0
100450,2025-04-10,1105,Delivery,Guest,50.62,0.0
101075,2025-03-11,1883,App,Guest,42.49,2.0
101067,2025-03-08,1208,In-Store,Guest,28.86,2.0
100370,2025-03-01,1115,App,Gold,40.66,0.0
100776,2025-03-28,1795,App,Guest,44.21,0.5
100238,2025-03-23,1616,In-Store,Guest,48.01,0.0
101188,2025-04-06,1815,In-Store,Guest,30.09,0.0
100770,2025-04-25,1146,App,Guest,51.21,0.0
100837,2025-03-21,1136,Delivery,Gold,49.79,0.0
100956,2025-03-08,1104,App,Guest,34.76,
101130,2025-03-03,1250,In-Store,Platinum,29.44,0.0
100117,2025-04-10,1284,In-Store,Silver,33.4,0.5
100753,2025-03-11,1052,In-Store,Guest,47.86,1.0
100523,2025-04-24,1073,App,Guest,44.55,2.0
100984,2025-04-23,1400,Delivery,Guest,35.75,0.5
100353,2025-04-17,1825,App,Guest,28.99,1.0
100798,2025-03-23,1180,App,Gold,32.82,1.0
100012,2025-03-17,1869,Delivery,Silver,51.7,0.0
100690,2025-04-29,1971,Delivery,Silver,24.72,0.0
101193,2025-03-26,1536,App,Silver,45.76,1.0
100531,2025-03-21,1299,App,Gold,29.25,0.0
100505,2025-04-20,1957,App,Gold,26.65,0.5
101018,2025-03-22,1547,In-Store,Silver,50.64,0.5
101051,2025-04-09,1792,In-Store,Guest,39.45,0.0
100400,2025-03-06,1804,App,Guest,211.5218787281457,1.0
100807,2025-03-08,1808,In-Store,Guest,50.52,0.0
101032,2025-03-15,1749,In-Store,Platinum,28.66,0.0
100463,2025-04-07,1716,In-Store,Guest,36.83,
100642,2025-04-24,1997,Delivery,Guest,41.66,0.0
100731,2025-03-14,1614,In-Store,Guest,32.14,0.0
100680,2025-03-13,1589,In-Store,Silver,28.6,0.0
100457,2025-03-24,1464,In-Store,Gold,49.48,0.0
100555,2025-04-19,1794,In-Store,Gold,53.98,0.0
100283,2025-03-09,1038,App,Silver,60.24,2.0
100184,2025-04-14,1079,In-Store,Guest,49.54,1.0
100667,2025-03-22,1979,In-Store,Silver,48.4,1.0
100660,2025-04-02,1071,App,Guest,55.42,0.0
101086,2025-03-20,1026,In-Store,Guest,52.85,1.0
100137,2025-03-03,1091,App,Silver,31.02,0.0
100233,2025-03-26,1151,App,Silver,26.53,0.0
100765,2025-04-08,1248,In-Store,Guest,41.18,0.0
100751,2025-03-03,1280,App,Guest,23.08,0.0
100829,2025-03-07,1933,Delivery,Guest,36.17,1.0
100568,2025-04-04,1174,App,Guest,34.75,0.0
100722,2025-03-08,1921,In-Store,Guest,33.45,0.0
101013,2025-03-03,1182,App,Platinum,34.81,0.0
100998,2025-04-02,1448,Delivery,Guest,22.02,0.0
100764,2025-03-30,1944,In-Store,Gold,39.82,0.0
100369,2025-03-29,1521,In-Store,Guest,47.34,0.0
100304,2025-03-02,1419,In-Store,Guest,39.15,0.0
100871,2025-03-04,1430,Delivery,Gold,29.42,1.0
100936,2025-04-19,1978,In-Store,Gold,47.49,1.0
100943,2025-04-17,1768,In-Store,Guest,52.61,0.0
100655,2025-04-06,1944,In-Store,Guest,33.2,0.0
100918,2025-03-08,1172,In-Store,Platinum,41.13,0.0
100926,2025-04-19,1117,App,Guest,53.5,2.0
101144,2025-03-09,1179,In-Store,Guest,51.36,0.0
100017,2025-04-26,1630,App,Guest,34.37,0.0
101046,2025-04-26,1221,In-Store,Guest,33.18,0.0
100436,2025-03-31,1836,In-Store,Guest,43.73,1.0
100888,2025-04-20,1989,App,Silver,33.3,0.0
101024,2025-03-12,1746,App,Gold,40.31,0.0
100843,2025-03-22,1742,Delivery,Guest,34.17,0.5
100399,2025-03-16,1213,In-Store,Guest,46.2,0.0
100104,2025-03-05,1284,In-Store,Guest,35.22,0.0
100063,2025-04-07,1609,In-Store,Guest,44.82,0.0
100150,2025-04-27,1789,App,Gold,42.28,0.0
101163,2025-03-18,1032,In-Store,Guest,28.59,0.5
100714,2025-04-12,1065,App,Silver,53.55,0.0
101169,2025-04-08,1567,App,Guest,46.24,1.0
100167,2025-04-09,1281,App,Guest,40.23,0.0
100621,2025-04-08,1363,App,Guest,35.05,0.0
100029,2025-03-14,1022,Delivery,Guest,54.64,0.0
100057,2025-04-20,1772,In-Store,Guest,32.75,1.0
100364,2025-03-06,1832,Delivery,Gold,36.64,
101197,2025-04-26,1514,Delivery,Guest,38.77,0.0
101035,2025-03-11,1112,In-Store,,34.27,0.0
100701,2025-03-14,1423,In-Store,Silver,43.72,
100677,2025-03-28,1399,Delivery,Guest,36.54,0.0
101140,2025-04-21,1863,App,Guest,22.83,
100724,2025-04-13,1942,Delivery,Guest,21.5,0.0
101179,2025-03-19,1675,In-Store,Silver,32.11,
100170,2025-03-05,1621,Delivery,Gold,29.49,
100796,2025-03-21,1567,In-Store,Silver,55.36,0.0
100593,2025-04-17,1211,App,,17.04,0.0
101182,2025-04-09,1788,In-Store,Guest,66.6,0.0
100915,2025-03-05,1490,App,Guest,23.5,
100218,2025-03-30,1719,Delivery,Gold,21.55,0.5
100900,2025-03-16,1656,In-Store,Guest,31.87,0.0
100506,2025-04-12,1722,App,Guest,25.41,0.0
100594,2025-04-23,1825,App,Platinum,33.63,1.0
100208,2025-04-11,1247,App,Guest,27.87,2.0
100346,2025-04-13,1506,In-Store,Silver,51.83,1.0
100484,2025-04-07,1867,App,Guest,29.02,0.0
100229,2025-03-02,1908,App,Silver,41.6,0.0
100816,2025-03-02,1948,In-Store,Silver,50.54,0.0
100129,2025-04-16,1657,Delivery,Gold,40.03,0.0
100905,2025-03-13,1298,In-Store,Guest,65.26,0.0
100821,2025-03-21,1250,Delivery,Guest,39.35,0.5
100940,2025-04-02,1310,In-Store,Platinum,44.44,1.0
100685,2025-04-23,1115,Delivery,Silver,29.09,0.5
100031,2025-04-02,1402,In-Store,Gold,29.78,0.0
101031,2025-04-23,1315,App,Silver,42.83,0.0
100155,2025-03-06,1862,App,Guest,24.72,0.0
100485,2025-04-26,1674,App,Guest,33.61,1.0
100207,2025-04-16,1405,Delivery,Silver,42.8,0.5
100458,2025-03-31,1333,In-Store,Silver,49.8,0.0
100539,2025-04-15,1243,In-Store,,55.18,0.0
100608,2025-04-25,1952,App,Guest,39.0,2.0
100500,2025-03-25,1412,App,Silver,30.33,0.0
100477,2025-03-24,1748,In-Store,Guest,43.58,0.0
100166,2025-04-12,1072,App,Gold,30.43,0.0
100224,2025-04-12,1667,In-Store,Gold,38.11,0.0
100566,2025-03-22,1039,In-Store,Silver,34.08,0.0
100641,2025-04-07,1598,App,Guest,46.16,1.0
100020,2025-03-17,1810,Delivery,Silver,43.36,0.0
100354,2025-03-22,1039,Delivery,Guest,49.38,0.0
100727,2025-03-13,1189,In-Store,Gold,29.69,0.0
100576,2025-04-28,1432,Delivery,Guest,29.93,2.0
100361,2025-03-20,1294,App,Guest,39.33,0.0
101016,2025-03-17,1591,App,,36.99,1.0
100850,2025-03-04,1275,Delivery,Platinum,30.31,0.0
100247,2025-03-04,1356,App,Guest,54.21,1.0
101103,2025-03-28,1405,In-Store,Guest,37.32,0.0
100434,2025-03-28,1763,App,Guest,34.2,0.0
101094,2025-03-28,1135,App,Gold,53.32,1.0
100340,2025-04-24,1865,In-Store,Guest,31.11,0.5
100777,2025-04-19,1230,App,Guest,33.95,0.5
100349,2025-03-06,1097,In-Store,Guest,53.76,0.0
100081,2025-04-15,1939,In-Store,Silver,36.89,0.0
100664,2025-04-10,1760,In-Store,Platinum,36.54,0.0
100932,2025-03-04,1344,App,Guest,37.95,
100846,2025-04-14,1616,App,Gold,38.69,0.0
100716,2025-03-01,1023,Delivery,Gold,44.87,0.0
100000,2025-03-21,1701,In-Store,Guest,44.72,0.0
101043,2025-04-19,1989,Delivery,Guest,27.07,1.0
100414,2025-03-29,1200,App,Guest,26.19,0.0
101172,2025-04-18,1645,App,Guest,47.28,0.0
100609,2025-04-26,1087,Delivery,Gold,33.84,0.0
100053,2025-03-31,1930,In-Store,Guest,19.98,0.0
100058,2025-03-26,1426,In-Store,Guest,29.44,1.0
100356,2025-03-23,1827,App,,40.99,0.0
100191,2025-03-21,1608,Delivery,Silver,44.12,0.0
100318,2025-03-07,1266,In-Store,Gold,31.97,1.0
100442,2025-04-22,1223,Delivery,Guest,22.46,0.0
100528,2025-03-09,1075,In-Store,Silver,26.25,1.0
100324,2025-04-08,1625,App,Guest,50.35,0.0
100935,2025-03-20,1572,In-Store,Gold,49.78,0.0
100853,2025-04-03,1207,App,Gold,43.41,0.0
100075,2025-04-16,1552,Delivery,Guest,51.42,0.0
100530,2025-03-08,1900,In-Store,Silver,33.31,0.0
100858,2025-03-30,1929,App,Guest,168.27608037119862,0.0
100793,2025-03-17,1439,In-Store,Guest,44.53,0.0
100472,2025-03-06,1137,App,,30.38,0.0
100958,2025-04-01,1140,In-Store,Silver,36.06,0.0
100937,2025-04-29,1595,App,Guest,34.01,0.0
101050,2025-04-13,1455,Delivery,Guest,21.12,0.0
100993,2025-03-31,1659,App,Silver,43.33,0.0
100240,2025-03-15,1247,App,Silver,43.47,0.5
100516,2025-03-08,1803,App,Guest,40.48,0.0
100033,2025-03-18,1179,App,Guest,50.06,0.0
100789,2025-03-12,1711,In-Store,Silver,36.02,0.0
101146,2025-04-14,1511,App,Gold,34.8,0.0
100686,2025-03-15,1127,App,Silver,31.15,0.0
100065,2025-03-07,1110,In-Store,Guest,44.62,1.0
100440,2025-04-20,1990,App,Guest,54.31,0.0
100489,2025-04-02,1542,In-Store,Guest,46.58,0.0
100181,2025-03-11,1876,Delivery,Guest,51.61,0.0
100800,2025-03-31,1850,In-Store,Guest,28.5,
100216,2025-04-02,1029,App,Gold,46.39,1.0
100512,2025-04-06,1227,App,Guest,36.63,2.0
100812,2025-03-15,1685,App,Silver,38.94,0.0
100980,2025-04-18,1306,Delivery,,42.08,0.0
101131,2025-04-08,1120,Delivery,Guest,50.8,0.0
100700,2025-04-19,1052,In-Store,Silver,46.64,0.0
100949,2025-03-09,1793,Delivery,Platinum,40.74,0.0
101022,2025-03-09,1903,In-Store,Silver,10.15,1.0
100911,2025-03-25,1422,In-Store,Guest,53.15,1.0
100536,2025-04-08,1686,App,Gold,54.9,2.0
100076,2025-03-21,1613,Delivery,Guest,38.0,0.5
100134,2025-04-27,1608,Delivery,Guest,45.02,0.0
100886,2025-03-20,1195,App,,32.48,1.0
100734,2025-04-10,1944,App,Platinum,31.49,0.0
100316,2025-03-04,1370,Delivery,Guest,33.93,0.0
100068,2025-04-29,1528,In-Store,Silver,41.3,0.5
101186,2025-04-09,1631,In-Store,Guest,36.99,0.5
101165,2025-04-29,1687,App,Silver,27.5,0.0
100383,2025-04-19,1779,Delivery,Guest,53.83,0.0
100643,2025-04-17,1294,In-Store,Guest,39.39,0.0
101120,2025-04-06,1732,App,Guest,33.03,0.5
100447,2025-03-30,1303,In-Store,Guest,45.59,0.0
100092,2025-03-26,1894,App,Platinum,29.47,1.0
100360,2025-04-19,1746,In-Store,Guest,45.74,1.0
100848,2025-03-16,1106,App,Guest,27.75,0.0
100622,2025-04-11,1955,App,Guest,45.2,0.0
100866,2025-04-24,1611,In-Store,Guest,239.8455767994762,
100902,2025-04-17,1867,In-Store,Gold,49.62,0.0
100656,2025-04-12,1587,In-Store,Gold,22.28,0.0
100455,2025-03-05,1987,App,Silver,48.9,0.5
100144,2025-03-04,1857,In-Store,Guest,48.76,0.0
100761,2025-04-29,1311,In-Store,Platinum,30.32,1.0
100634,2025-03-22,1116,In-Store,Guest,32.42,0.5
100054,2025-04-03,1973,App,Guest,17.6,1.0
100101,2025-04-28,1202,Delivery,Guest,37.36,0.0
100864,2025-04-15,1986,In-Store,Platinum,17.21,0.0
100094,2025-04-25,1115,In-Store,Guest,12.29,0.5
101171,2025-04-14,1936,In-Store,Guest,26.34,0.0
101152,2025-03-12,1303,App,Guest,36.23,0.0
100542,2025-03-13,1208,App,Guest,46.3,1.0
100836,2025-03-21,1608,In-Store,Silver,50.11,2.0
101066,2025-03-04,1018,In-Store,Guest,49.01,0.5
100927,2025-03-05,1023,Delivery,Gold,46.33,0.0
100372,2025-04-10,1768,In-Store,Gold,34.69,0.0
100492,2025-04-10,1328,Delivery,Guest,31.89,0.0
100550,2025-04-05,1869,App,Guest,36.68,0.0
100135,2025-03-22,1134,In-Store,Guest,42.35,0.5
100015,2025-04-25,1148,In-Store,Platinum,29.78,0.0
101082,2025-04-22,1922,App,Silver,42.67,0.0
100560,2025-04-11,1441,App,Silver,55.48,0.0
100003,2025-03-16,1765,App,Gold,38.4,0.0
100778,2025-04-29,1384,Delivery,Guest,38.94,0.0
100397,2025-04-06,1818,App,Guest,46.51,1.0
100715,2025-03-23,1583,In-Store,Gold,24.75,0.0
100503,2025-03-24,1278,Delivery,Gold,22.9,0.0
100674,2025-03-01,1089,Delivery,Silver,52.6,0.0
100468,2025-04-24,1277,In-Store,Guest,44.65,0.0
100889,2025-03-21,1761,In-Store,Gold,45.0,0.5
100287,2025-04-09,1392,In-Store,Guest,60.24,0.0
100962,2025-03-19,1098,App,Guest,32.98,0.0
101160,2025-04-29,1385,In-Store,,31.87,1.0
101097,2025-03-02,1911,In-Store,Gold,43.43,1.0
100965,2025-04-04,1862,In-Store,Guest,31.39,0.5
100392,2025-04-02,1864,Delivery,Guest,44.62,0.0
100986,2025-04-14,1544,App,Guest,41.04,0.0
100122,2025-04-05,1027,App,Guest,42.76,0.0
100232,2025-04-22,1796,App,Guest,36.97,1.0
100086,2025-03-15,1577,App,Guest,41.65,0.0
101176,2025-03-15,1044,In-Store,Gold,35.07,0.0
100299,2025-03-01,1903,App,Guest,58.51,0.0
101005,2025-04-19,1831,App,Guest,55.11,
100323,2025-03-29,1227,Delivery,Guest,45.41,0.0
100302,2025-04-29,1688,In-Store,Gold,31.89,0.5
100491,2025-03-10,1324,In-Store,Guest,36.2,0.0
100569,2025-04-18,1638,In-Store,Guest,34.71,2.0
100640,2025-03-29,1258,App,Guest,17.01,0.0
100277,2025-03-02,1543,In-Store,Gold,36.09,0.0
100809,2025-04-23,1481,App,Guest,36.88,0.0
100521,2025-03-11,1566,In-Store,Platinum,49.64,1.0
101033,2025-04-19,1618,In-Store,Silver,13.63,0.0
100147,2025-03-27,1477,App,Gold,51.95,0.0
100548,2025-04-09,1671,In-Store,Silver,26.4,0.0
100618,2025-04-06,1723,Delivery,Gold,41.97,2.0
100132,2025-04-12,1162,App,Guest,23.86,0.0
100038,2025-03-07,1376,In-Store,Platinum,39.11,0.0
100342,2025-03-25,1067,Delivery,Silver,55.03,0.0
100859,2025-04-17,1074,In-Store,Guest,42.89,0.0
100517,2025-03-13,1156,In-Store,Silver,36.14,0.0
100118,2025-04-28,1387,In-Store,Gold,47.71,0.0
100087,2025-04-06,1156,App,Guest,45.3,0.0
100780,2025-04-05,1308,App,Guest,19.93,0.0
101164,2025-04-03,1345,App,Guest,23.29,1.0
100253,2025-04-02,1736,In-Store,Gold,51.43,0.0
100108,2025-03-13,1528,App,Gold,0,0.0
100257,2025-04-01,1829,In-Store,Guest,19.37,0.0
100159,2025-04-01,1035,In-Store,Silver,31.31,0.0
100074,2025-04-16,1678,App,Silver,31.39,0.0
100624,2025-03-31,1848,Delivery,Silver,33.41,0.0
101079,2025-04-09,1071,In-Store,Guest,38.56,0.0
101060,2025-04-28,1977,App,Gold,44.89,0.5
100146,2025-04-27,1462,App,Silver,26.52,0.0
100314,2025-04-04,1227,Delivery,Silver,41.67,0.0
100351,2025-04-19,1225,In-Store,Guest,42.33,0.0
101157,2025-04-20,1205,In-Store,Guest,36.04,0.0
100312,2025-03-31,1446,App,Silver,42.01,0.0
100752,2025-03-18,1159,In-Store,Guest,32.98,0.0
100636,2025-03-20,1700,App,Guest,0,
100280,2025-03-21,1061,In-Store,Gold,13.27,0.0
100019,2025-04-17,1552,App,Silver,35.49,0.0
100562,2025-04-17,1867,Delivery,Gold,17.65,0.0
101081,2025-03-01,1837,In-Store,Guest,47.47,0.0
100633,2025-04-20,1054,App,Silver,46.08,0.0
100139,2025-03-27,1516,App,Guest,38.36,0.0
100213,2025-03-02,1549,In-Store,Guest,49.92,0.0
100983,2025-04-19,1574,Delivery,Guest,28.93,1.0
100545,2025-04-26,1316,In-Store,Guest,17.42,0.0
100721,2025-04-12,1800,In-Store,Guest,42.37,0.5
100543,2025-04-22,1966,App,Guest,45.87,0.0
100971,2025-04-08,1355,In-Store,,35.08,0.0
100730,2025-03-07,1985,App,,40.87,0.0
101057,2025-03-17,1176,App,Guest,51.26,0.5
100872,2025-04-29,1738,App,Guest,34.12,0.0
100322,2025-04-19,1920,Delivery,Gold,57.44,2.0
100133,2025-03-08,1371,Delivery,Guest,26.93,0.0
100161,2025-03-25,1549,In-Store,Silver,40.62,0.0
100051,2025-03-19,1853,Delivery,Guest,37.6,0.0
100116,2025-03-02,1253,Delivery,Guest,42.43,2.0
100320,2025-04-19,1155,In-Store,Silver,33.09,0.0
100250,2025-04-28,1084,Delivery,Guest,34.49,0.5
100840,2025-04-20,1881,In-Store,Gold,45.26,0.0
100254,2025-04-23,1481,App,Platinum,33.95,0.0
100611,2025-04-05,1998,In-Store,Guest,30.2,0.0
100058,2025-03-26,1426,In-Store,Guest,29.44,1.0
100787,2025-04-17,1466,Delivery,Guest,30.62,0.0
100630,2025-04-15,1799,In-Store,Guest,43.49,0.0
100534,2025-03-15,1659,In-Store,Silver,56.0,0.5
100951,2025-03-22,1687,In-Store,Silver,34.2,0.0
100669,2025-03-27,1395,App,Gold,39.54,0.5
100626,2025-03-30,1555,In-Store,Guest,39.96,0.0
100849,2025-03-14,1470,In-Store,Gold,43.37,0.0
100261,2025-04-11,1248,App,Silver,50.26,0.5
101090,2025-03-07,1806,In-Store,Guest,29.66,0.0
100805,2025-03-05,1271,App,Guest,40.53,0.5
100002,2025-04-13,1343,In-Store,Silver,45.53,0.0
101098,2025-04-19,1584,App,Silver,27.0,0.5
100535,2025-03-27,1032,In-Store,,49.12,0.0
100979,2025-04-17,1173,In-Store,Silver,30.78,0.0
100039,2025-03-11,1957,In-Store,Guest,19.23,2.0
100857,2025-04-09,1609,In-Store,Gold,22.89,0.0
100387,2025-04-03,1095,App,Guest,36.81,1.0
100215,2025-03-06,1643,Delivery,Guest,44.69,0.0
100879,2025-04-18,1423,App,Guest,47.24,0.5
101142,2025-03-24,1046,App,Silver,51.77,
100337,2025-04-10,1917,In-Store,Gold,40.47,0.0
101074,2025-04-01,1044,App,Guest,33.04,0.5
100225,2025-04-12,1286,App,Silver,28.32,0.0
100425,2025-04-12,1708,In-Store,Guest,31.26,0.0
101187,2025-03-11,1685,App,Guest,40.32,0.0
100428,2025-04-19,1478,App,Guest,31.73,2.0
100483,2025-04-22,1612,Delivery,Silver,32.95,0.0
100546,2025-03-02,1506,App,Guest,38.8,0.0
100493,2025-03-24,1433,App,Guest,43.31,0.0
100011,2025-04-26,1010,Delivery,Silver,25.69,0.0
100471,2025-03-05,1856,In-Store,Guest,30.59,0.0
100487,2025-04-26,1754,In-Store,Guest,53.94,0.0
100565,2025-04-07,1520,App,Silver,36.76,0.5
100453,2025-03-30,1508,In-Store,Guest,35.84,0.5
101175,2025-03-12,1153,In-Store,Guest,53.7,0.5
100085,2025-04-26,1688,In-Store,Gold,37.72,0.0
100683,2025-04-17,1144,App,Gold,41.33,0.0
100768,2025-04-29,1117,App,Guest,20.36,0.0
100844,2025-04-10,1220,App,Guest,15.14,0.0
100449,2025-03-29,1327,Delivery,Guest,53.46,0.0
100285,2025-03-05,1475,In-Store,Gold,21.38,0.0
100305,2025-04-28,1461,Delivery,Silver,43.01,0.0
100237,2025-04-14,1962,App,Silver,11.69,0.0
100105,2025-03-11,1854,In-Store,Silver,32.22,0.0
100813,2025-03-05,1922,In-Store,Gold,48.57,0.0
100363,2025-04-26,1645,In-Store,Gold,49.85,0.0
101133,2025-04-22,1118,Delivery,Silver,56.13,0.0
100923,2025-04-22,1278,App,Silver,43.09,0.0
101091,2025-04-01,1616,In-Store,Gold,56.96,0.0
100008,2025-04-16,1323,Delivery,Silver,33.71,2.0
100732,2025-04-04,1351,In-Store,Guest,50.96,0.0
100164,2025-03-21,1138,In-Store,Gold,34.06,0.0
100575,2025-04-09,1451,App,Gold,35.11,0.0
101008,2025-03-23,1229,In-Store,Guest,53.05,0.0
100906,2025-04-01,1448,Delivery,Guest,34.25,0.0
100774,2025-04-07,1739,Delivery,Guest,42.89,0.5
101100,2025-04-15,1742,App,Gold,34.89,0.0
100788,2025-03-19,1005,In-Store,Guest,33.63,1.0
100080,2025-03-11,1948,In-Store,Guest,31.65,0.0
100645,2025-04-05,1625,Delivery,Gold,23.84,0.0
100598,2025-04-08,1636,Delivery,Guest,37.45,0.5
100366,2025-03-01,1922,In-Store,Silver,56.19,0.0
100887,2025-03-05,1705,App,Silver,38.32,0.0
100010,2025-04-22,1756,In-Store,Silver,61.7,2.0
100156,2025-04-08,1529,App,Gold,41.58,0.0
100321,2025-03-10,1798,In-Store,Guest,38.39,0.0
101009,2025-03-08,1599,App,Guest,37.76,0.0
100728,2025-04-04,1425,Delivery,Silver,36.98,0.0
101147,2025-04-04,1811,App,Guest,36.7,0.0
100885,2025-03-24,1377,App,Gold,30.42,0.0
101021,2025-03-11,1263,Delivery,Silver,26.57,0.0
100278,2025-03-29,1106,App,Silver,46.16,0.5
101049,2025-03-08,1521,In-Store,Guest,48.36,0.0
100928,2025-03-23,1386,Delivery,Gold,40.42,0.0
100540,2025-03-19,1413,Delivery,Guest,47.41,0.0
100211,2025-04-04,1209,In-Store,Guest,39.46,0.0
101178,2025-03-07,1468,In-Store,Guest,23.47,
100101,2025-04-28,1202,Delivery,Guest,37.36,0.0
100729,2025-03-27,1894,App,Platinum,40.72,0.0
101145,2025-04-11,1922,App,Guest,26.56,0.0
100963,2025-03-15,1601,In-Store,Guest,39.72,0.0
100358,2025-04-21,1411,In-Store,Guest,34.5,0.0
100499,2025-04-29,1293,In-Store,Guest,40.79,0.5
100647,2025-04-28,1671,App,Silver,33.24,0.0
101004,2025-04-12,1181,App,,39.75,1.0
101073,2025-04-10,1714,In-Store,Guest,44.43,0.0
100263,2025-03-06,1935,In-Store,Guest,46.03,
101107,2025-04-26,1283,In-Store,Guest,40.13,0.5
100439,2025-03-26,1137,Delivery,Guest,31.02,0.0
100723,2025-03-28,1165,Delivery,Silver,120.69680815022619,0.0
100186,2025-04-05,1279,App,Guest,39.91,0.0
100403,2025-04-08,1104,App,Guest,30.74,0.5
100668,2025-04-07,1627,App,Gold,35.49,0.0
100865,2025-04-26,1912,In-Store,Guest,44.9,1.0
100792,2025-04-02,1784,In-Store,Guest,22.97,0.0
100452,2025-03-28,1720,Delivery,Gold,33.22,0.0
100069,2025-03-12,1024,App,Gold,47.6,0.0
101158,2025-03-10,1548,Delivery,Gold,43.73,0.0
101174,2025-03-30,1240,In-Store,Guest,32.26,0.5
101156,2025-04-27,1143,In-Store,Gold,36.88,0.0
100955,2025-03-15,1742,App,,47.72,0.0
100978,2025-04-02,1236,App,Silver,21.3,0.0
101129,2025-03-01,1544,In-Store,Guest,19.86,0.0
101132,2025-03-01,1176,Delivery,Silver,33.02,0.0
100855,2025-04-11,1281,App,Silver,28.31,0.0
100614,2025-04-03,1587,App,Silver,33.31,1.0
101058,2025-04-24,1402,Delivery,Guest,28.66,0.5
100482,2025-03-16,1606,In-Store,Guest,45.99,0.0
101071,2025-04-10,1192,In-Store,Guest,37.09,0.0
100084,2025-03-20,1764,App,Guest,33.81,0.0
100898,2025-04-27,1971,App,Silver,30.16,0.0
100231,2025-03-27,1483,App,Gold,47.96,0.0
101085,2025-03-19,1683,App,Guest,35.41,0.0
100987,2025-04-10,1532,In-Store,Platinum,41.6,0.5
101154,2025-03-29,1072,App,Guest,41.89,0.0
100794,2025-03-05,1201,Delivery,Guest,35.79,1.0
100785,2025-04-19,1964,In-Store,Silver,38.94,0.0
100119,2025-04-12,1259,App,Guest,36.16,1.0
100175,2025-04-03,1239,App,Gold,12.62,0.0
100056,2025-03-31,1109,App,Silver,35.09,0.0
100345,2025-04-15,1572,App,Silver,68.13,
100673,2025-04-06,1688,In-Store,Gold,38.65,0.0
100766,2025-03-19,1856,In-Store,Guest,33.53,0.0
100747,2025-04-15,1813,App,Guest,49.99,0.0
101015,2025-03-03,1958,In-Store,Guest,50.02,0.0
100901,2025-04-01,1866,In-Store,Guest,46.35,0.0
100957,2025-04-20,1641,In-Store,,38.28,0.0
100071,2025-03-29,1435,In-Store,Guest,35.0,0.0
100910,2025-03-09,1047,In-Store,Guest,44.27,0.0
100975,2025-03-18,1360,In-Store,Silver,38.09,0.0
100348,2025-03-02,1967,App,Guest,48.19,0.0
100782,2025-04-20,1904,Delivery,Silver,26.93,0.0
100209,2025-03-12,1294,In-Store,Guest,39.75,0.0
100944,2025-03-14,1988,In-Store,Gold,56.18,0.0
101000,2025-04-21,1205,In-Store,Guest,27.14,0.0
100623,2025-03-11,1255,In-Store,Silver,39.48,0.0
100954,2025-04-06,1883,App,Guest,33.01,0.5
100556,2025-04-19,1460,In-Store,Gold,23.89,0.0
100709,2025-03-20,1229,App,Platinum,31.18,2.0
100572,2025-03-30,1704,App,Guest,40.45,0.0
100760,2025-04-11,1483,Delivery,Guest,51.15,0.0
101028,2025-04-18,1300,App,Guest,37.45,0.0
100417,2025-04-17,1100,In-Store,Guest,27.26,0.0
100165,2025-04-14,1753,In-Store,Gold,37.63,0.0
100398,2025-04-12,1116,In-Store,Guest,54.06,0.0
101101,2025-04-19,1796,App,Silver,43.89,1.0
100367,2025-04-23,1933,Delivery,Gold,41.79,0.5
100976,2025-04-19,1272,In-Store,Gold,20.85,0.0
100974,2025-03-28,1987,Delivery,Silver,49.42,0.0
100374,2025-03-29,1493,App,Guest,39.81,0.0
101092,2025-04-27,1081,In-Store,Gold,32.02,0.0
100242,2025-04-28,1916,In-Store,Gold,32.68,0.0
100553,2025-03-05,1682,In-Store,Silver,31.01,
100095,2025-03-04,1847,Delivery,Silver,39.24,0.0
100909,2025-03-10,1945,Delivery,Guest,34.01,0.0
100421,2025-03-30,1453,App,Gold,36.84,0.0
100490,2025-04-19,1922,Delivery,Gold,32.01,0.5
100496,2025-04-11,1465,App,Silver,54.13,0.0
100818,2025-04-06,1009,App,Gold,34.01,0.0
100334,2025-04-14,1867,Delivery,Silver,22.58,2.0
100251,2025-04-18,1443,App,,37.27,0.0
100654,2025-03-07,1823,App,Guest,36.46,0.0
100497,2025-03-01,1659,App,Gold,44.99,0.0
100824,2025-04-14,1464,App,Guest,48.96,0.5
101192,2025-03-19,1458,Delivery,Guest,50.7,0.0
100016,2025-03-21,1809,App,Guest,26.25,1.0
100179,2025-03-18,1690,In-Store,Gold,34.18,0.5
100308,2025-04-28,1076,Delivery,Guest,29.23,0.5
100811,2025-04-16,1758,In-Store,Gold,30.06,0.0
100431,2025-03-04,1379,In-Store,Guest,30.66,0.0
100759,2025-03-30,1736,In-Store,Guest,28.05,0.0
100347,2025-03-29,1481,App,Guest,61.48,0.0
100966,2025-03-31,1513,In-Store,Gold,55.31,0.0
100538,2025-04-20,1980,App,Guest,30.19,0.0
101153,2025-03-04,1510,Delivery,Silver,47.18,1.0
100990,2025-04-13,1884,In-Store,Gold,146.19384522995253,0.0
100748,2025-03-18,1116,App,Gold,29.37,0.0
100559,2025-04-10,1980,In-Store,Guest,37.68,0.0
100177,2025-04-09,1349,Delivery,Silver,54.34,0.0
100106,2025-04-02,1802,Delivery,Silver,30.11,1.0
100024,2025-03-13,1847,In-Store,Gold,39.77,0.5
100248,2025-03-30,1507,In-Store,Gold,25.51,2.0
100382,2025-03-06,1048,Delivery,Gold,30.38,0.5
100841,2025-03-30,1596,Delivery,Guest,14.32,0.0
101125,2025-03-09,1627,App,Gold,50.47,1.0
100411,2025-04-12,1726,App,Guest,48.37,0.0
101055,2025-04-09,1327,Delivery,Silver,27.72,0.0
100140,2025-04-18,1819,In-Store,Guest,47.1,0.0
100067,2025-04-05,1739,In-Store,Platinum,30.58,0.0
100384,2025-04-19,1385,App,Guest,44.0,0.0
100570,2025-04-06,1429,In-Store,Silver,45.86,0.0
100315,2025-03-27,1375,In-Store,Silver,34.41,2.0
100168,2025-03-31,1682,In-Store,Silver,52.38,0.0
101017,2025-04-08,1966,In-Store,Guest,24.04,0.0
100557,2025-03-05,1170,In-Store,Gold,47.75,0.5
100619,2025-03-08,1906,App,Guest,14.0,0.0
100845,2025-03-14,1922,App,Silver,46.51,0.0
100123,2025-04-02,1106,App,Guest,36.37,1.0
100520,2025-03-01,1887,App,Silver,31.41,0.0
100265,2025-04-21,1794,App,Guest,30.04,0.5
100549,2025-03-22,1713,In-Store,Gold,37.04,0.0
100628,2025-04-05,1980,In-Store,Gold,30.66,0.0
101025,2025-04-13,1655,Delivery,Silver,47.5,0.0
100589,2025-03-26,1553,In-Store,Silver,51.09,0.0
100687,2025-03-05,1398,App,Platinum,48.34,0.0
101155,2025-04-01,1750,In-Store,Gold,34.31,0.0
100059,2025-03-12,1359,In-Store,Silver,46.71,0.0
100725,2025-03-31,1175,Delivery,Guest,52.94,0.0
100013,2025-03-11,1717,Delivery,Guest,22.61,0.0
100541,2025-03-30,1408,Delivery,Gold,46.18,1.0
100047,2025-03-04,1173,In-Store,Silver,36.78,0.0
100327,2025-03-18,1655,App,Guest,25.1,2.0
100148,2025-04-09,1016,In-Store,Silver,56.69,1.0
100297,2025-04-27,1238,In-Store,Silver,44.22,0.0
100880,2025-03-15,1379,In-Store,Guest,44.07,0.0
100456,2025-04-24,1461,App,Guest,38.25,0.0
100781,2025-04-08,1972,App,Gold,32.16,0.5
100827,2025-04-11,1303,In-Store,Guest,47.93,1.0
100835,2025-04-10,1558,Delivery,Silver,42.93,0.0
100060,2025-04-06,1272,App,Gold,49.77,0.0
100504,2025-04-12,1725,App,Silver,26.35,0.0
100279,2025-03-03,1801,App,Silver,59.52,0.0
101014,2025-04-10,1521,App,Guest,36.57,0.5
101118,2025-04-07,1828,In-Store,Guest,43.11,0.0
100194,2025-04-13,1502,In-Store,Guest,48.12,0.5
100702,2025-04-04,1830,Delivery,Gold,28.55,0.0
100385,2025-03-24,1142,App,Guest,35.49,0.0
101136,2025-03-21,1200,In-Store,Silver,49.54,0.0
100474,2025-04-12,1974,Delivery,Guest,41.35,0.0
100865,2025-04-26,1912,In-Store,Guest,44.9,1.0
100914,2025-03-24,1782,App,Guest,37.14,0.0
100275,2025-03-08,1041,Delivery,Guest,47.5,0.0
100518,2025-03-25,1516,App,Gold,19.33,0.0
100720,2025-03-28,1907,Delivery,Guest,42.04,0.0
100919,2025-04-20,1128,In-Store,Platinum,42.19,0.0
100041,2025-03-24,1351,App,Silver,62.05,
100028,2025-03-28,1048,In-Store,Silver,273.49919119947987,0.5
100561,2025-04-08,1122,App,Guest,46.73,0.0
101181,2025-04-16,1957,In-Store,Gold,39.11,0.0
100049,2025-04-21,1473,App,Platinum,35.47,0.0
100201,2025-04-03,1620,In-Store,Guest,58.17,0.5
101126,2025-03-25,1241,In-Store,Gold,47.22,0.0
100741,2025-03-09,1341,Delivery,Guest,44.38,0.0
100719,2025-03-30,1393,In-Store,Guest,32.43,0.0
100432,2025-04-13,1153,Delivery,Guest,33.13,0.0
100925,2025-03-19,1700,App,Gold,24.42,0.0
100718,2025-04-22,1234,App,Guest,42.96,0.0
100158,2025-03-29,1647,In-Store,Silver,34.49,0.0
100246,2025-04-17,1442,App,Gold,21.17,0.0
100684,2025-03-01,1991,In-Store,Gold,35.7,
101087,2025-03-17,1842,Delivery,Guest,22.52,0.0
100467,2025-04-06,1311,App,Silver,35.71,0.0
100198,2025-04-18,1132,Delivery,Gold,55.3,0.0
100601,2025-04-14,1639,In-Store,Silver,30.41,0.0
100480,2025-04-12,1173,In-Store,Silver,34.16,0.0
100767,2025-03-11,1615,In-Store,Guest,33.33,0.5
100486,2025-03-12,1397,App,Guest,33.42,1.0
100691,2025-03-29,1413,In-Store,Guest,31.52,0.0
100418,2025-04-09,1126,In-Store,Silver,51.65,0.0
100977,2025-03-21,1623,In-Store,Guest,39.09,0.0
100422,2025-04-29,1626,Delivery,Guest,33.55,0.0
100806,2025-03-05,1810,In-Store,Silver,47.81,0.0
100459,2025-03-30,1679,App,Guest,32.99,
101124,2025-04-18,1035,App,Gold,24.85,1.0
101048,2025-04-05,1253,In-Store,Gold,39.12,0.0
100934,2025-04-17,1164,Delivery,Platinum,33.72,
100026,2025-04-29,1885,In-Store,Silver,41.53,2.0
100682,2025-03-18,1807,App,Silver,41.97,0.0
100203,2025-04-18,1548,In-Store,Guest,34.08,0.0
101096,2025-03-17,1316,In-Store,Silver,44.53,0.0
100124,2025-04-28,1801,In-Store,Silver,35.51,0.5
100532,2025-04-09,1747,App,Silver,47.43,0.0
100295,2025-04-02,1467,In-Store,Gold,34.55,0.0
100650,2025-03-05,1461,App,Guest,45.74,0.0
100972,2025-03-23,1035,In-Store,Guest,31.14,0.0
100913,2025-04-16,1660,App,Guest,44.37,0.0
100995,2025-04-19,1835,App,Silver,58.41,0.0
100688,2025-03-13,1787,App,Silver,34.38,1.0
100042,2025-04-27,1139,App,Guest,50.43,0.0
100268,2025-03-27,1108,In-Store,Platinum,26.34,1.0
100874,2025-04-27,1274,Delivery,Gold,44.06,0.0
101077,2025-03-10,1889,Delivery,Guest,33.16,0.5
100138,2025-04-21,1988,Delivery,Guest,39.75,0.0
101056,2025-03-01,1283,Delivery,Guest,43.21,0.5
100996,2025-04-09,1642,In-Store,Silver,46.03,0.0
100478,2025-03-13,1086,In-Store,Guest,38.42,0.0
100968,2025-04-01,1937,In-Store,Guest,28.0,1.0
100823,2025-04-13,1703,In-Store,Guest,42.16,0.0
100600,2025-03-19,1010,In-Store,Guest,41.28,1.0
100359,2025-04-22,1852,In-Store,Guest,34.01,0.0
100869,2025-04-09,1082,Delivery,Gold,34.24,0.0
100834,2025-04-20,1165,In-Store,Platinum,33.24,0.0
100227,2025-03-24,1026,Delivery,Gold,33.67,0.0
100470,2025-04-13,1015,App,Guest,52.53,0.0
101002,2025-03-25,1871,App,Guest,41.02,0.5
100580,2025-04-17,1090,App,Silver,39.13,0.0
100333,2025-03-21,1686,Delivery,Silver,35.13,0.0
100952,2025-03-05,1063,In-Store,Gold,43.84,
101047,2025-04-23,1395,App,Gold,34.63,0.0
100662,2025-04-24,1280,App,Guest,34.43,0.0
100171,2025-03-20,1446,Delivery,Guest,28.5,0.0
100243,2025-04-09,1174,App,Gold,30.48,0.5
101180,2025-04-08,1841,Delivery,Guest,50.09,1.0
100591,2025-03-21,1758,Delivery,Guest,21.18,0.0
100301,2025-04-05,1049,App,Guest,41.09,0.5
100036,2025-03-25,1062,In-Store,Platinum,41.03,0.0
100617,2025-04-02,1056,Delivery,Guest,22.33,0.0
100259,2025-04-09,1499,In-Store,Guest,42.24,
100637,2025-04-09,1541,App,Guest,27.73,0.0
101194,2025-03-01,1691,App,Silver,43.56,0.0
101173,2025-04-15,1460,App,Silver,26.0,0.0
100522,2025-03-29,1494,Delivery,Silver,44.08,0.0
100044,2025-03-21,1907,In-Store,Silver,62.87,1.0
100062,2025-03-21,1980,In-Store,Guest,21.19,0.0
100756,2025-04-26,1390,App,Platinum,27.47,0.0
100176,2025-03-18,1559,App,Guest,54.46,0.0
101068,2025-03-11,1241,In-Store,Guest,45.2,0.0
100907,2025-03-27,1009,App,Guest,32.89,0.0
100814,2025-03-23,1809,In-Store,Platinum,14.37,0.0
100199,2025-03-28,1573,In-Store,Gold,29.7,0.0
100260,2025-04-16,1483,Delivery,Guest,46.96,0.0
100592,2025-04-05,1440,In-Store,Silver,62.11,0.0
100851,2025-03-16,1544,App,Silver,25.9,0.0
100446,2025-03-21,1324,App,Guest,33.64,0.0
100999,2025-04-13,1899,In-Store,Gold,30.18,0.0
100830,2025-04-13,1141,In-Store,Guest,54.6,0.0
100620,2025-04-23,1381,In-Store,Guest,35.3,0.0
100750,2025-04-25,1698,App,Gold,50.1,0.0
100737,2025-03-02,1462,App,Silver,40.63,0.5
100188,2025-04-20,1120,In-Store,Gold,54.99,0.0
101072,2025-03-06,1821,Delivery,Platinum,62.37,2.0
101036,2025-04-07,1883,In-Store,Guest,29.2,0.0
100815,2025-03-10,1314,Delivery,Gold,17.14,2.0
100174,2025-03-13,1808,App,Guest,35.81,0.0
100427,2025-04-21,1211,In-Store,Guest,46.65,0.0
100212,2025-04-16,1589,In-Store,Guest,51.26,0.0
100266,2025-03-01,1032,App,Gold,22.86,0.5
100281,2025-04-02,1573,In-Store,Silver,24.02,0.0
100078,2025-03-27,1112,Delivery,Gold,51.87,0.0
100368,2025-04-05,1712,In-Store,Gold,33.64,0.0
100508,2025-03-27,1918,App,Guest,26.62,0.0
100616,2025-03-04,1420,App,Gold,39.32,1.0
100973,2025-04-24,1491,In-Store,,47.02,0.0
100136,2025-03-23,1750,In-Store,Guest,40.15,0.5
101137,2025-04-06,1510,In-Store,Guest,49.22,0.0
100861,2025-04-15,1514,In-Store,Gold,45.14,0.0
100997,2025-03-30,1498,In-Store,Guest,32.2,0.0
100111,2025-04-24,1514,In-Store,Silver,31.28,0.0
100675,2025-04-04,1764,App,Silver,31.92,1.0
100249,2025-03-16,1150,In-Store,Gold,41.4,0.0
101099,2025-04-11,1714,In-Store,Silver,35.78,1.0
100405,2025-04-19,1101,In-Store,Guest,45.65,
100797,2025-03-19,1607,In-Store,Guest,22.93,0.0
100077,2025-03-02,1895,In-Store,Guest,34.39,0.0
100183,2025-03-18,1453,In-Store,Silver,35.19,0.0
100235,2025-04-26,1018,Delivery,Gold,36.84,0.5
101196,2025-03-24,1787,App,Silver,38.57,0.0
100678,2025-04-16,1753,In-Store,Guest,40.43,0.0
101102,2025-04-01,1011,In-Store,Silver,45.04,0.0
100564,2025-04-29,1155,In-Store,,34.94,0.0
100707,2025-03-14,1370,App,Guest,34.14,0.0
100588,2025-04-23,1544,In-Store,Silver,36.1,0.0
101199,2025-04-28,1090,Delivery,Gold,49.66,0.0
100355,2025-03-26,1578,App,Silver,29.59,0.0
100653,2025-03-30,1521,App,,47.23,1.0
100708,2025-04-01,1703,App,Silver,34.61,
100409,2025-04-27,1273,App,Gold,55.32,0.0
100130,2025-04-23,1353,App,Guest,28.61,0.5
101138,2025-03-18,1554,In-Store,Gold,29.57,0.0
100584,2025-04-13,1804,Delivery,Guest,38.42,0.0
100439,2025-03-26,1137,Delivery,Guest,31.02,0.0
101143,2025-04-20,1284,In-Store,Guest,32.86,0.0
100551,2025-04-15,1259,Delivery,Guest,22.19,0.0
100612,2025-04-04,1062,App,Guest,46.02,2.0
100525,2025-03-13,1717,App,Gold,46.36,0.0
100755,2025-03-12,1350,In-Store,Guest,28.86,0.5
100362,2025-03-22,1982,In-Store,Gold,51.44,0.0
100635,2025-04-10,1129,In-Store,Guest,9.09,0.0
100502,2025-03-24,1641,In-Store,Silver,38.08,0.0
100245,2025-04-18,1233,In-Store,Guest,27.44,0.5
100371,2025-03-29,1744,App,Silver,32.29,2.0
100648,2025-03-27,1468,In-Store,Silver,39.16,0.0
100710,2025-03-08,1231,In-Store,Guest,29.93,0.0
101185,2025-03-28,1202,App,Silver,39.33,0.0
100681,2025-04-15,1777,Delivery,Guest,38.12,0.0
101053,2025-03-05,1990,In-Store,Platinum,50.63,0.0
101095,2025-04-25,1947,App,Guest,34.55,0.0
100466,2025-03-15,1842,In-Store,Silver,24.58,0.0
100953,2025-04-10,1243,In-Store,Guest,43.46,0.0
100717,2025-03-12,1971,In-Store,Platinum,29.15,0.5
100284,2025-03-12,1795,Delivery,Guest,42.63,0.0
100939,2025-03-16,1341,Delivery,Guest,31.96,0.0
100329,2025-04-25,1518,Delivery,Silver,38.54,0.0
100587,2025-03-16,1718,App,Guest,32.76,0.0
100040,2025-03-11,1088,In-Store,Gold,41.49,0.0
100933,2025-03-14,1702,Delivery,Gold,49.43,0.0
100989,2025-03-29,1639,App,Guest,35.27,2.0
100352,2025-04-15,1715,App,Guest,46.99,0.0
100779,2025-03-18,1480,In-Store,Guest,34.08,0.0
100693,2025-03-20,1360,App,Silver,27.81,0.0
100920,2025-03-12,1091,Delivery,Gold,24.43,0.0
101037,2025-03-09,1411,App,Gold,26.13,0.0
100894,2025-04-21,1779,App,Guest,40.82,0.0
101059,2025-03-21,1751,Delivery,Guest,43.64,0.0
100331,2025-03-05,1597,In-Store,Silver,36.16,0.0
101010,2025-03-23,1848,In-Store,Silver,16.32,0.5
100917,2025-03-21,1702,In-Store,Guest,25.59,
100202,2025-04-04,1009,In-Store,Gold,51.13,2.0
100524,2025-03-01,1142,Delivery,Silver,33.87,0.0
101063,2025-03-30,1618,In-Store,Platinum,38.98,0.0
100703,2025-04-13,1658,Delivery,Guest,45.82,0.0
100055,2025-03-09,1532,In-Store,Platinum,39.08,1.0
100705,2025-03-09,1308,In-Store,Guest,28.23,0.0
100960,2025-03-31,1830,Delivery,Silver,42.88,0.0
100704,2025-03-15,1740,In-Store,Platinum,39.65,0.0
100498,2025-03-01,1978,Delivery,Platinum,36.69,0.0
101109,2025-03-20,1384,App,Guest,17.42,0.0
100396,2025-03-17,1860,Delivery,Silver,51.57,0.0
100377,2025-04-16,1576,In-Store,Guest,44.46,0.0
100676,2025-04-17,1707,In-Store,Silver,32.82,0.0
100444,2025-04-28,1833,In-Store,Guest,51.64,0.0
101088,2025-04-10,1268,In-Store,Silver,43.17,1.0
100110,2025-04-14,1327,In-Store,Guest,47.4,0.0
100196,2025-04-09,1959,In-Store,Silver,22.22,0.0
101083,2025-03-25,1026,App,Silver,52.02,0.0
100451,2025-03-31,1607,App,Guest,40.26,0.0
100599,2025-04-25,1247,In-Store,Guest,38.17,2.0
101052,2025-04-08,1696,Delivery,Silver,47.19,0.0
100860,2025-04-19,1337,Delivery,Guest,38.97,2.0
100964,2025-03-31,1085,Delivery,Guest,39.51,0.0
100790,2025-03-15,1324,In-Store,Guest,33.47,0.0
101039,2025-03-30,1066,Delivery,Silver,13.67,0.0
100241,2025-04-01,1000,In-Store,Guest,51.93,0.0
100610,2025-04-02,1959,Delivery,Guest,37.76,1.0
100573,2025-04-10,1022,In-Store,Guest,48.98,0.0
100226,2025-03-19,1267,In-Store,Gold,48.12,0.0
100416,2025-04-13,1738,App,Gold,45.77,0.0
100649,2025-03-06,1160,App,Gold,38.8,0.0
101042,2025-04-27,1533,App,Platinum,29.61,0.0
100189,2025-03-23,1926,App,Silver,53.54,1.0
100021,2025-03-23,1368,App,Guest,21.39,2.0
101127,2025-03-03,1518,In-Store,Guest,30.31,0.5
100537,2025-04-19,1345,Delivery,Gold,35.58,0.0
100271,2025-04-13,1923,In-Store,Guest,37.65,0.0
100328,2025-04-26,1418,App,Silver,19.38,0.0
100306,2025-04-27,1100,In-Store,Guest,23.44,0.5
100079,2025-03-30,1816,In-Store,Guest,57.28,0.0
100296,2025-03-11,1845,App,Guest,44.17,0.0
100230,2025-04-22,1039,In-Store,Silver,27.69,0.0
100765,2025-04-08,1248,In-Store,Guest,41.18,0.0
100604,2025-04-15,1249,In-Store,Silver,36.4,
100052,2025-04-27,1863,In-Store,Guest,29.3,0.0
100863,2025-04-20,1376,App,Guest,31.14,0.0
100415,2025-04-25,1542,App,Guest,42.46,0.0
100437,2025-04-15,1521,In-Store,Silver,24.21,0.5
100127,2025-03-29,1033,App,Guest,38.81,0.0
100847,2025-03-06,1642,In-Store,Guest,37.34,0.0
100746,2025-03-14,1163,App,Gold,22.02,
100298,2025-04-02,1526,App,Silver,40.49,0.0
100420,2025-04-11,1262,In-Store,Gold,40.94,1.0
100380,2025-03-13,1074,In-Store,Silver,48.32,0.0
101065,2025-03-04,1835,Delivery,Gold,49.13,0.0
101114,2025-03-11,1062,Delivery,Gold,47.85,1.0
100269,2025-04-08,1337,App,Gold,49.32,0.5
100027,2025-03-29,1919,App,Guest,26.18,0.0
100801,2025-03-05,1253,App,Guest,40.96,1.0
100476,2025-04-27,1047,In-Store,Guest,46.79,2.0
100429,2025-04-18,1894,App,Silver,40.73,0.0
100464,2025-04-29,1705,In-Store,Gold,20.1,0.0
100657,2025-03-13,1443,In-Store,Guest,53.48,0.0
100921,2025-03-20,1567,In-Store,Gold,55.4,0.0
100228,2025-03-26,1471,App,Gold,39.59,0.0
100832,2025-04-12,1707,In-Store,Guest,43.1,0.0
101168,2025-03-25,1946,App,Platinum,43.17,0.0
100407,2025-04-03,1857,App,Guest,42.34,0.0
101064,2025-03-10,1534,In-Store,Guest,31.75,0.0
101034,2025-04-06,1958,Delivery,Silver,53.91,1.0
100160,2025-03-05,1708,App,Guest,26.51,0.0
100323,2025-03-29,1227,Delivery,Guest,45.41,0.0
100862,2025-03-16,1836,In-Store,Guest,57.13,0.5
100574,2025-03-18,1835,Delivery,Silver,36.23,0.0
